NEBL,NETO1,0.33333333333333337,0.5
CNKSR2,TNK2,0.6666666666666667,0.19999999999999996
IKBKE,NFATC4,0.5,0.5
MKRN1,ZNF181,0.5,0.33333333333333337
SGK223,TMPRSS15,0.3,0.038461538461538436
ARHGAP44,NLRP2,0.33333333333333337,0.5833333333333333
EPHA8,SERPINI1,0.6,0.6666666666666667
NEGR1,ZNF362,0.5,0.5
CACNA2D3,SNTG2,0.5,0.5
AHNAK2,TULP4,0.42500000000000004,0.6666666666666667
ITGB6,TCHH,0.625,0.2727272727272727
PLG,SPTBN1,0.625,0.75
DSG2,EIF4G3,0.7777777777777778,0.875
CACNA1C,UHRF1BP1,0.1428571428571429,0.6
CPAMD8,DOCK11,0.5333333333333333,0.875
BRWD1,PHLDB2,0.8,0.5
CD93,DNAH11,0.75,0.41666666666666663
CD93,DNAH17,0.8571428571428572,0.5384615384615384
DSG3,ZNF804B,0.41666666666666663,0.5
LAMA3,SDR9C7,0.6666666666666667,0.5
FAM86DP,WDR90,0.6666666666666667,0.375
NEGR1,ZNF395,0.6666666666666667,0.6666666666666667
EPHA8,SERPINE1,0.6666666666666667,0.75
NPTX2,OGDH,0.18181818181818177,0.5
ATP8B4,PCDH11X,0.5,0.125
FRG1B,MXRA5,0.64,0.29166666666666663
HIPK2,ZNF718,0.6,0.4
FRAS1,RBM47,0.6333333333333333,0.4
NPAP1,PRSS35,0.41666666666666663,0.75
ATP8B3,TFAP2D,0.375,0.75
ADAMTS12,DSP,0.5384615384615384,0.6521739130434783
CSPP1,RNF31,0.33333333333333337,0.5
ANO1,FBXL13,0.5714285714285714,0.75
AHCTF1,LRRC37A11P,0.33333333333333337,0.6
PDZD3,RB1,0.75,0.30000000000000004
BRCA1,PSG3,0.25,0.2857142857142857
FAM129B,MAGEA10,0.6666666666666667,0.5
SCYL3,ZNF135,0.75,0.5
OR6K2,PPP4R4,0.6666666666666667,0.5
DNAH5,IGSF3,0.4375,0.25
PLCB2,SBNO1,0.5,0.6
FIGF,PGR,0.5,0.4285714285714286
BDP1,THSD7B,0.5,0.33333333333333337
HOXD4,PTPRM,0.5,0.5454545454545454
CRTC2,TAF4,0.5,0.5
MLL3,TRRAP,0.3076923076923077,0.368421052631579
KCND1,MAGEC2,0.5,0.2857142857142857
PGK2,RFX2,0.5,0.5
FOXN1,OR5I1,0.5,0.4
DUSP13,MAST4,0.5,0.7272727272727273
KIF26B,PNLIPRP2,0.6666666666666667,0.7142857142857143
APOB,TMTC2,0.5384615384615384,0.6
HUWE1,ITGAM,0.46153846153846156,0.5
GAB2,MMP24,0.33333333333333337,0.5
ITGA4,RRP36,0.5555555555555556,0.6666666666666667
DGAT2L6,MKI67,0.75,0.41666666666666663
SLC7A3,TMEM132D,0.33333333333333337,0.38888888888888884
ARHGEF1,KIFAP3,0.5,0.8
AR,SULF2,0.6666666666666667,0.19999999999999996
CDC27,DNAH12,0.5454545454545454,0.33333333333333337
GPRC6A,RPL10L,0.5,0.25
ATP10B,SLC6A2,0.33333333333333337,0.75
FOSB,LRFN5,0.5,0.19999999999999996
GHRHR,MAGEA10,0.33333333333333337,0.6666666666666667
AOC1,DIEXF,0.75,0.5
CLOCK,KIAA2026,0.33333333333333337,0.5
SCN8A,ZNF324B,0.5,0.5
FOXG1,MYOCD,0.6,0.3571428571428571
MST1,WDR90,0.7777777777777778,0.4285714285714286
ACAN,DDX11L2,0.375,0.16666666666666663
KRT73,RUNX2,0.75,0.6923076923076923
LILRA4,SEL1L2,0.8333333333333334,0.4
CHN2,TMPRSS15,0.19999999999999996,0.5833333333333333
UNC45B,VPS72,0.5555555555555556,0.5
LHFPL1,SLC25A14,0.75,0.33333333333333337
CDH12,LRP1,0.5,0.6363636363636364
DCAF8,SV2C,0.5,0.25
ELTD1,MDGA2,0.125,0.5714285714285714
NUP210,TDRD7,0.33333333333333337,0.75
ADAMTS12,ERG,0.5,0.33333333333333337
C1orf177,ESPL1,0.33333333333333337,0.2857142857142857
OR51G1,TTC30B,0.16666666666666663,0.6
DCLK3,PADI3,0.8,0.6666666666666667
MLL2,RANGAP1,0.25,0.33333333333333337
LYST,OR8J3,0.4,0.4285714285714286
ADNP2,DMBT1,0.25,0.6
ACAN,MATK,0.4,0.5714285714285714
IL1RAPL2,RBMXL1,0.375,0.6
DDX11,SETD3,0.33333333333333337,0.75
OR4C6,RIPK4,0.06666666666666665,0.16666666666666663
CLCN4,SON,0.6666666666666667,0.7142857142857143
CRIPAK,EPHA7,0.4545454545454546,0.4
PRDM5,SLK,0.5,0.75
DSC1,ERCC6,0.625,0.75
ARHGEF9,THOC2,0.8,0.4444444444444444
HIPK2,ZNF799,0.6666666666666667,0.8571428571428572
GLT8D2,MPEG1,0.33333333333333337,0.6666666666666667
MYLK4,PARP1,0.5,0.5
DLGAP5,ZIC4,0.5,0.25
ATRX,OR4C46,0.23239436619718312,0.16666666666666669
KIF26A,LGSN,0.4285714285714286,0.5555555555555556
NAB2,TMEM19,0.7777777777777778,0.8
CACNA1E,FHOD1,0.4117647058823529,0.75
MAGEC2,SLC17A9,0.33333333333333337,0.33333333333333337
CACNA1G,DNMT3L,0.7857142857142857,0.5
KRT84,MS4A3,0.75,0.6
IL2RB,KRT27,0.6666666666666667,0.75
HTR1E,OTUD6A,0.5,0.33333333333333337
CXorf23,PTCD1,0.5,0.6666666666666667
C1orf177,ESPNP,0.5,0.5555555555555556
ADAM2,FOXP2,0.2222222222222222,0.6153846153846154
CACNA1F,SLC22A10,0.6666666666666667,0.33333333333333337
CD22,ZSCAN5B,0.375,0.5
COL6A3,POTEA,0.3548387096774194,0.5
COL6A3,POTEC,0.3666666666666667,0.5833333333333333
AHNAK2,TAS1R1,0.43243243243243246,0.75
COL6A3,POTED,0.3793103448275862,0.5
TYW1B,VWF,0.8333333333333334,0.3571428571428571
ANGPT4,SLC22A2,0.19999999999999996,0.4
FAM176A,SLC12A3,0.5,0.33333333333333337
FAT3,OR13C8,0.38888888888888884,0.33333333333333337
CSMD3,SMARCA2,0.5,0.25
CXorf22,LILRA1,0.6666666666666667,0.2857142857142857
CXorf22,LILRB5,0.125,0.07142857142857145
COL4A4,SLC35G3,0.4,0.6666666666666667
AHNAK,SETD2,0.48,0.5384615384615384
DYNC1I2,RNASEH2B,0.5,0.5
ADARB2,TRIM71,0.4285714285714286,0.375
PABPC3,SCN9A,0.19999999999999996,0.07692307692307687
GRIA3,HGF,0.5,0.5
BNIP1,ZNF845,0.6,0.7222222222222222
HRCT1,NLRP2,0.5,0.6
PIK3R1,X97876,0.41509433962264153,0.5
MYO5B,TMPRSS6,0.6666666666666667,0.4285714285714286
ADAMTS12,EGF,0.5555555555555556,0.3846153846153846
RFX4,SNRNP200,0.6666666666666667,0.5
ANKRD30B,REXO1,0.4444444444444444,0.5
CRTC2,TBCD,0.6666666666666667,0.33333333333333337
DNM1P47,KRT75,0.5510204081632653,0.6
NOTCH4,OR2T12,0.625,0.6666666666666667
FAM71F1,TNS1,0.75,0.33333333333333337
FAT4,NF1,0.6923076923076923,0.3548387096774194
UNC45B,VPS16,0.625,0.33333333333333337
KIAA1524,RB1,0.5,0.34615384615384615
IFNW1,IRGC,0.5,0.75
MS4A4A,RIN3,0.8,0.6666666666666667
P2RY8,PLEKHG4B,0.4285714285714286,0.33333333333333337
OR10G7,PIK3R1,0.5,0.42307692307692313
MAP2,PLXNA4,0.6666666666666667,0.5714285714285714
ARID4A,SH2D3C,0.5,0.5
ANO4,TMEM132D,0.2857142857142857,0.4117647058823529
ARHGAP29,F2RL3,0.5,0.33333333333333337
NEDD4,SCNN1G,0.4285714285714286,0.19999999999999996
BCL6,DOCK8,0.6666666666666667,0.6666666666666667
FAM47C,MLLT3,0.7307692307692308,0.8055555555555556
CBLB,ZBED1,0.33333333333333337,0.5
MECOM,NALCN,0.3076923076923077,0.16666666666666663
HIVEP1,WDFY3,0.7777777777777778,0.4
CCT6P3,KRT20,0.9,0.5
EFEMP2,LINC00969,0.5,0.631578947368421
GABBR2,OR52K1,0.75,0.5
NLRP13,OR1A1,0.6,0.6
COL4A2,TNFSF14,0.4,0.375
FLNB,PEAR1,0.6,0.19999999999999996
PKHD1,UNKL,0.368421052631579,0.6666666666666667
GRM3,TECPR1,0.2142857142857143,0.5
CDKL5,PABPC4,0.7142857142857143,0.75
KRTAP4-9,RGS12,0.7058823529411764,0.4
ABCA6,HLA-DRB6,0.4285714285714286,0.8235294117647058
PDGFD,PKHD1L1,0.6666666666666667,0.6470588235294117
CACNA1A,CEACAM20,0.5,0.33333333333333337
DCAF12L1,DNAH11,0.125,0.4545454545454546
DCAF12L1,DNAH12,0.1428571428571429,0.4
NPTX2,UNC45B,0.19999999999999996,0.7142857142857143
KRTAP4-9,RGS22,0.75,0.4
BCORL1,PHLPP2,0.6,0.33333333333333337
ASNS,PTPRD,0.33333333333333337,0.5
GNAT3,PLEKHG2,0.16666666666666663,0.6
DNAH1,TAF7L,0.4285714285714286,0.6666666666666667
BCL11A,SHROOM2,0.375,0.8571428571428572
DNAH2,RYR3,0.2857142857142857,0.43333333333333335
DIS3L2,SYNE1,0.5,0.4838709677419355
ADAMTS12,FLG,0.8,0.43243243243243246
ABCB4,RAD51AP2,0.5384615384615384,0.375
NEBL,SPTBN5,0.36363636363636365,0.4666666666666667
ADAMTS2,SORCS3,0.5,0.25
DTX1,SLC9C2,0.75,0.33333333333333337
ATP13A1,TMEFF2,0.75,0.5
PRR12,WBSCR17,0.6666666666666667,0.3076923076923077
KDM6B,KIAA1467,0.5,0.33333333333333337
FRAS1,PDE4DIP,0.6538461538461539,0.2857142857142857
GRIPAP1,PIK3R1,0.5,0.43137254901960786
RRAD,SPTLC3,0.6666666666666667,0.5
KIAA1467,POLRMT,0.5,0.25
MAP3K4,MYH6,0.8,0.4
KIF16B,MICAL2,0.5,0.5
ADAM22,RASGRF1,0.25,0.5714285714285714
ANKRD36C,GALNT13,0.875,0.33333333333333337
EGF,SLC26A4,0.4545454545454546,0.6666666666666667
HLA-DQB2,ZNF215,0.5714285714285714,0.75
GFPT2,PIK3C2B,0.5,0.25
AIM2,YLPM1,0.5,0.4
ITGA8,NFIB,0.4,0.25
ATP2B2,EPB41L3,0.2222222222222222,0.41666666666666663
CDHR2,ZC3H18,0.75,0.5
DSG3,VPS41,0.5555555555555556,0.8
AASDH,CLSTN3,0.75,0.4285714285714286
CILP2,UBR3,0.4444444444444444,0.6
SETD2,TPTE2P6,0.5833333333333333,0.9
AKNA,MOCS3,0.33333333333333337,0.33333333333333337
NEB,RAB3GAP1,0.6818181818181819,0.6
FBN2,PLA2G4A,0.44999999999999996,0.6666666666666667
ARHGEF35,SAMD9,0.5,0.8333333333333334
GLUD2,HCRTR1,0.4285714285714286,0.5
FANCD2,NLRP3,0.7,0.1428571428571429
KLHL5,RABEP1,0.5,0.19999999999999996
COL4A2,SYNE1,0.5,0.48275862068965514
DNAJC28,IPO11,0.5,0.5
LAMC1,TNNT1,0.4,0.33333333333333337
NFATC2,TAP2,0.33333333333333337,0.19999999999999996
DNAH9,ZFYVE26,0.40909090909090906,0.19999999999999996
CALCR,PCDHAC2,0.4285714285714286,0.22857142857142854
HYAL1,OR8B4,0.5,0.33333333333333337
MICAL3,OR13G1,0.5,0.25
COL14A1,ELTD1,0.2727272727272727,0.1428571428571429
ROCK1P1,RP11-1055B8.7,0.33333333333333337,0.6666666666666667
DIP2C,LRRC7,0.6666666666666667,0.33333333333333337
CDH23,SAGE1,0.6363636363636364,0.5
FLG2,ZSCAN20,0.5,0.33333333333333337
SAMD9L,SULF2,0.30000000000000004,0.25
GRHL2,TUBGCP5,0.6666666666666667,0.6666666666666667
EPN3,UGT2B7,0.5,0.4
P2RY8,TMEM2,0.5,0.625
DYNC1H1,SPATA31D5P,0.8571428571428572,0.5
HRNR,SPON1,0.4516129032258065,0.75
MICAL3,OR13A1,0.6666666666666667,0.5
AC008103.5,PTPN11,0.7631578947368421,0.46153846153846156
AC008103.5,PTPN13,0.7837837837837838,0.75
HEPACAM2,ZBED2,0.5,0.5
GRIP1,THSD7B,0.5,0.41666666666666663
OR2F2,VWA3A,0.25,0.33333333333333337
CCDC6,DSCAM,0.5,0.4
CPS1,GIMAP8,0.33333333333333337,0.33333333333333337
NFATC2,TAF1,0.4,0.5
LMX1A,MALAT1,0.5,0.5
MUC17,PCMTD1,0.46875,0.5
ANKRD30B,AZGP1P1,0.5,0.5
AURKA,MYH8,0.5,0.6818181818181819
GON4L,SLC5A3,0.4,0.5
TPO,TRPA1,0.25,0.5833333333333333
HNF4A,UGT1A1,0.33333333333333337,0.1333333333333333
CD163L1,POU2F2,0.5555555555555556,0.5
ATP8A2,GPRIN2,0.2857142857142857,0.6666666666666667
COL4A2,OCIAD1,0.5,0.5
EPRS,SCN7A,0.5,0.33333333333333337
DEPDC5,GGTLC1,0.5555555555555556,0.6
HK3,IL18R1,0.6666666666666667,0.6
PCDHAC2,PTCHD1,0.23188405797101452,0.8333333333333334
TRPM3,ZNF28,0.5,0.25
CCDC129,UTRN,0.33333333333333337,0.5454545454545454
DSC1,NTSR1,0.7142857142857143,0.33333333333333337
OVCH1,SLC33A1,0.25,0.5
MS4A6A,SCAND3,0.33333333333333337,0.5555555555555556
AFF2,COL4A5,0.38888888888888884,0.5384615384615384
LYST,OR5T3,0.5714285714285714,0.5714285714285714
KRTAP10-2,MYH1,0.6666666666666667,0.4666666666666667
RASGRF1,TACC2,0.6666666666666667,0.5
ATP8B4,NLRP14,0.5,0.6
KCNC2,NTN4,0.25,0.6666666666666667
HVCN1,ZFAT,0.5,0.33333333333333337
ATRX,FAM47A,0.23604060913705582,0.125
ANKRD50,PEG3,0.5,0.4285714285714286
ACOT11,AHNAK2,0.5,0.4444444444444444
RPL13AP20,RREB1,0.4,0.7777777777777778
ACTN1,FANCM,0.33333333333333337,0.5
ATRX,FAM46C,0.7354497354497355,0.25
KIF4B,ZBTB39,0.4,0.75
PLB1,THBS4,0.75,0.33333333333333337
ECE2,PDE6B,0.5,0.16666666666666663
MYH4,ST6GAL2,0.5714285714285714,0.5
SLC7A3,TMEM184A,0.5,0.6666666666666667
AFF2,SIGLEC10,0.4117647058823529,0.5
ABCA11P,RANBP17,0.5,0.33333333333333337
PDILT,ZNF644,0.4444444444444444,0.33333333333333337
MYO1A,SYNM,0.125,0.33333333333333337
ANKS6,CMYA5,0.5,0.5714285714285714
ALDH1A2,SREBF1,0.33333333333333337,0.75
ARMC3,DDX26B,0.25,0.5
FAT3,NLRP4,0.3571428571428571,0.30000000000000004
FAT3,NLRP5,0.41666666666666663,0.5
FAT3,NLRP9,0.5714285714285714,0.6
CHD8,KRTAP5-4,0.4545454545454546,0.4
OR5W2,VSIG4,0.2857142857142857,0.8333333333333334
CDH19,CEP128,0.375,0.75
KIF4B,MUC16,0.33333333333333337,0.5254237288135593
PKHD1,ULK4,0.37142857142857144,0.5
ITGB2,LRIG3,0.33333333333333337,0.4285714285714286
C9orf64,MYH14,0.5,0.7142857142857143
CHSY3,PRIC285,0.5,0.19999999999999996
HYDIN,KCNB1,0.5384615384615384,0.5
CCDC108,SORCS1,0.75,0.75
HIPK1,TCHH,0.33333333333333337,0.2857142857142857
AACS,CACNA1B,0.25,0.4666666666666667
GABRA5,MEGF6,0.19999999999999996,0.5
AACS,CACNA1G,0.33333333333333337,0.8461538461538461
COL3A1,IGFN1,0.33333333333333337,0.8333333333333334
CACNA1I,DOCK1,0.8333333333333334,0.5
ANO1,CSMD3,0.6666666666666667,0.4782608695652174
CHRM3,HTR3A,0.4,0.36363636363636365
HERC2,PDGFRA,0.6363636363636364,0.30434782608695654
CLMN,OGDH,0.4,0.6
HNF4A,UGT2A3,0.25,0.4
CALN1,MYO7B,0.30000000000000004,0.5714285714285714
MAML2,MED7,0.33333333333333337,0.5
KCNH6,PDGFRA,0.6,0.31818181818181823
LILRB4,RIMS2,0.8,0.125
FAT3,OR10G8,0.33333333333333337,0.4
ELTD1,RP11-798G7.5,0.16666666666666663,0.8148148148148149
C4orf21,MYBBP1A,0.7142857142857143,0.33333333333333337
SIM1,TRPV1,0.46153846153846156,0.33333333333333337
RIMBP2,SMC1A,0.33333333333333337,0.5714285714285714
SIM1,TRPV6,0.5,0.5833333333333333
AMPD1,OBSCN,0.33333333333333337,0.43181818181818177
CAD,ZNF347,0.16666666666666663,0.8333333333333334
ETV5,MCM6,0.6666666666666667,0.6666666666666667
RPL5,Unknown,0.5,0.23076923076923073
OR51E2,PARD6B,0.25,0.75
APOO,WNK1,0.5,0.5
CCIN,GPR179,0.6666666666666667,0.25
HECW1,PAMR1,0.16666666666666663,0.5
GRIA3,MET,0.5,0.8571428571428572
HCAR3,OR2A12,0.33333333333333337,0.4285714285714286
ENGASE,PCSK5,0.5,0.9333333333333333
CCBE1,RTTN,0.33333333333333337,0.4285714285714286
FDPS,RELN,0.5,0.32258064516129037
CALN1,MYOCD,0.33333333333333337,0.41666666666666663
KANK4,NBPF10,0.33333333333333337,0.5714285714285714
KCNG2,PDZRN4,0.7777777777777778,0.5
GLTSCR2,WASH3P,0.5,0.5454545454545454
MYH4,WDR64,0.631578947368421,0.5
DLC1,TBC1D4,0.46153846153846156,0.6666666666666667
DLC1,TBC1D9,0.5,0.25
GPR101,OR5M8,0.6666666666666667,0.6
ABLIM3,RREB1,0.25,0.875
SDS,TELO2,0.5,0.6666666666666667
CAD,LOC401010,0.19999999999999996,0.33333333333333337
KCNC2,NME8,0.33333333333333337,0.1428571428571429
HTR1B,ZNF99,0.5,0.5
KIAA1244,ZNF135,0.625,0.6666666666666667
DNAH5,PRIC285,0.4516129032258065,0.25
CGN,DNAH1,0.5,0.46153846153846156
OSBP2,TULP1,0.33333333333333337,0.5
INTS1,PAPLN,0.75,0.5
NLRP13,P2RX3,0.5714285714285714,0.5
FAM47B,TTC26,0.5,0.6666666666666667
TSHZ2,WDR72,0.2727272727272727,0.2857142857142857
ABCB7,SPTA1,0.6666666666666667,0.24242424242424243
GRIN3A,PTEN,0.25,0.2761904761904762
HLA-DRB6,HRNR,0.875,0.4482758620689655
TSHZ2,WDR90,0.30000000000000004,0.4
TSHZ2,WDR91,0.33333333333333337,0.5
SERPINA9,UNC5C,0.5,0.4
RNF103,VWF,0.6666666666666667,0.3846153846153846
FBLIM1,PSPH,0.5,0.6666666666666667
MAP3K9,PLXNA3,0.33333333333333337,0.8888888888888888
CNTN6,PIAS4,0.375,0.5
HYDIN,KCNS2,0.5454545454545454,0.33333333333333337
CPAMD8,HPS6,0.5714285714285714,0.19999999999999996
AHNAK2,KRT23,0.4838709677419355,0.33333333333333337
HNF4A,UGT3A2,0.33333333333333337,0.33333333333333337
AHNAK2,KRT37,0.46153846153846156,0.6
NBEA,SULF1,0.5555555555555556,0.6
NLRP13,OR4B1,0.6666666666666667,0.5
CYP11A1,FCGBP,0.33333333333333337,0.3913043478260869
AHNAK2,KRT13,0.4782608695652174,0.33333333333333337
CELSR3,ZNF429,0.5,0.5
ESPNP,HHIPL2,0.625,0.8571428571428572
C12orf50,MYO10,0.5,0.4285714285714286
DSCAM,KDM6A,0.5,0.33333333333333337
NLRP13,OR4C6,0.8,0.5
NWD1,TRIM49,0.8571428571428572,0.5
DMD,LRRK1,0.5,0.6875
GPR85,Unknown,0.25,0.2727272727272727
EP400,TBC1D8B,0.7317073170731707,0.5
CAD,ZNF263,0.33333333333333337,0.33333333333333337
DCC,PCSK9,0.4,0.5
LGR5,UNC5D,0.5,0.33333333333333337
IRF6,RPL13AP6,0.5,0.25
IRX2,RPSA,0.5,0.125
DDX5,SDHAP1,0.5,0.6
AIFM1,XKR4,0.33333333333333337,0.5
GRIA3,LCT,0.5,0.33333333333333337
GJA8,SLIT3,0.33333333333333337,0.36363636363636365
CD36,POU2AF1,0.75,0.5
KRT38,SCN7A,0.33333333333333337,0.375
HYDIN,TSPEAR,0.5555555555555556,0.4
WDR65,ZFP57,0.25,0.6666666666666667
CHD6,POTEH,0.5,0.25
CABP4,DCHS2,0.25,0.6190476190476191
GJA8,SLIT2,0.5,0.33333333333333337
ASIC3,PCDHB13,0.5,0.4
SIM1,TRPC6,0.5,0.6
PLCL2,RGS12,0.33333333333333337,0.5
IRF8,SLC6A18,0.8,0.33333333333333337
AFF2,COL6A3,0.4666666666666667,0.3846153846153846
EDC4,STAT1,0.5,0.5
DNM1P47,PDHA2,0.5405405405405406,0.375
ADAM7,SMARCA1,0.375,0.33333333333333337
ADAM7,SMARCA2,0.4285714285714286,0.33333333333333337
DCSTAMP,SHANK2,0.16666666666666663,0.8333333333333334
BPTF,DCAF12L1,0.6,0.19999999999999996
RB1CC1,ZXDB,0.4,0.5
MYH15,SLC44A5,0.4285714285714286,0.5
NPAS3,PHLPP2,0.25,0.5
SLC4A1,WASH2P,0.19999999999999996,0.25
MAGI3,MYO9B,0.6666666666666667,0.19999999999999996
SLC4A1,WASH3P,0.25,0.5625
DNAH5,DUSP5,0.4666666666666667,0.6666666666666667
RCBTB2,SLC17A9,0.33333333333333337,0.4
CYP4F12,SPOCK3,0.33333333333333337,0.19999999999999996
PAPPA2,SIGLEC8,0.375,0.19999999999999996
EVPL,RGNEF,0.4444444444444444,0.4
LZTR1,PKD2,0.33333333333333337,0.5
CD163L1,INTS10,0.5333333333333333,0.5
PHF12,ST8SIA1,0.5,0.5
KRTAP4-9,RGNEF,0.8,0.5
SAMD9L,WBSCR17,0.33333333333333337,0.33333333333333337
CEACAM20,SCN5A,0.5,0.4
FTMT,LRFN5,0.75,0.125
PXDNL,SEMA4F,0.33333333333333337,0.4
ADAMTS18,MORC4,0.5,0.75
GPR34,ME1,0.5,0.5
DNAH3,SETD2,0.44999999999999996,0.7
PCDHGC5,RB1CC1,0.21818181818181814,0.5
ADCY3,THOC2,0.33333333333333337,0.4285714285714286
CHD7,MYH11,0.6666666666666667,0.5
COBL,MYOCD,0.33333333333333337,0.4545454545454546
CYP4B1,NDST4,0.4,0.19999999999999996
FOXG1,MYO1A,0.75,0.16666666666666663
CYP2B6,PLEKHG4B,0.25,0.3846153846153846
FAP,SMARCA5,0.75,0.5
PDGFRA,SMARCA1,0.33333333333333337,0.5
CCDC148,NOBOX,0.6666666666666667,0.4285714285714286
HCN1,MYT1L,0.1578947368421053,0.6666666666666667
ARMC8,PCLO,0.5,0.42000000000000004
DCAF8L1,LENG8,0.4444444444444444,0.25
FLG,PKHD1L1,0.08205128205128198,0.38095238095238093
DDX4,MAP7,0.75,0.6666666666666667
DOCK8,MAP3K1,0.7272727272727273,0.4444444444444444
ABCB1,YTHDC1,0.3125,0.6666666666666667
KRT79,TRPC4,0.33333333333333337,0.6
KRT79,TRPC7,0.5,0.5833333333333333
KLHL34,MAML1,0.19999999999999996,0.75
GNAT3,SMCHD1,0.19999999999999996,0.1428571428571429
CCDC8,SLC17A7,0.33333333333333337,0.19999999999999996
JPH1,MMRN1,0.375,0.33333333333333337
FOXP2,HRNR,0.7272727272727273,0.4814814814814815
MATK,SNAP91,0.8,0.25
CCDC129,POTEC,0.4,0.5882352941176471
ATP2A1,SRPX,0.33333333333333337,0.25
MYT1,TNRC18,0.75,0.5
LRP1B,MOCS3,0.4285714285714286,0.5
AHNAK2,PDZD2,0.47619047619047616,0.5
AHNAK2,PDZD4,0.5263157894736843,0.4
FCRL3,FRG1B,0.16666666666666669,0.12365591397849462
FAM124A,LAMB3,0.6666666666666667,0.16666666666666663
POLR2A,RGAG1,0.8571428571428572,0.5
FBN3,NRROS,0.5294117647058824,0.5
CTSG,WNT2,0.1428571428571429,0.6666666666666667
MYOCD,NUP210L,0.5555555555555556,0.5454545454545454
GAB2,GPR112,0.4,0.3125
FLG,XIRP2,0.4354838709677419,0.2222222222222222
CTIF,MAP3K9,0.5,0.4
COL6A5,FOLR4,0.19999999999999996,0.33333333333333337
RP11-156P1.3,SDHAP1,0.71875,0.6521739130434783
PEG3,VPS13C,0.5,0.625
PEG3,RPS6KA2,0.6,0.33333333333333337
PYHIN1,TRPM1,0.33333333333333337,0.5
SATL1,XIRP1,0.4285714285714286,0.8
IKZF1,QRICH2,0.5,0.33333333333333337
CYP2F1,DDX11L2,0.5,0.19999999999999996
CLSTN2,SRSF11,0.25,0.25
CDHR5,TUBB8P7,0.5,0.7735849056603774
PPIG,RP11-417J8.6,0.33333333333333337,0.6428571428571428
ATRX,FAM83G,0.7378048780487805,0.8
ATRX,FAM83H,0.7423312883435582,0.4285714285714286
MYO1B,TCF12,0.2857142857142857,0.7222222222222222
C4BPA,POM121L12,0.5,0.25
DNM1P47,HEATR5B,0.04285714285714287,0.125
RGPD8,SLIT1,0.5,0.6666666666666667
RGPD8,SLIT2,0.6,0.375
RGPD8,SLIT3,0.75,0.4444444444444444
MAGI3,MYOM1,0.8,0.625
ATRX,ENGASE,0.4150943396226415,0.3333333333333333
MKRN3,PAPPA2,0.33333333333333337,0.4285714285714286
ATRX,STXBP4,0.7531645569620253,0.5
PRR12,WDR44,0.75,0.5
ITGB6,SZT2,0.6666666666666667,0.33333333333333337
COL3A1,IGF1R,0.375,0.18181818181818177
REPIN1,SLIT3,0.25,0.5
ZNF41,ZNF76,0.6666666666666667,0.6666666666666667
FBN2,PLXNA4,0.4117647058823529,0.6666666666666667
RB1,VIL1,0.33333333333333337,0.4444444444444444
ALPK2,SZT2,0.5,0.375
CFB,D2HGDH,0.33333333333333337,0.25
ROCK1P1,RP13-329D4.3,0.5,0.8
ARHGEF10,TAF1,0.25,0.5555555555555556
CSPG4,NEU4,0.1428571428571429,0.5
ARHGEF10,TAF6,0.33333333333333337,0.6666666666666667
MYH4,NOTCH1,0.09999999999999998,0.25
DAO,TANC2,0.25,0.33333333333333337
KRTAP4-9,RGPD3,0.8571428571428572,0.2857142857142857
CLEC14A,LILRA6,0.25,0.5
CEACAM20,SCN9A,0.6666666666666667,0.08333333333333337
KRTAP4-7,MPPED1,0.33333333333333337,0.25
DLGAP2,NCKAP5,0.5,0.5714285714285714
ANKRD11,DIDO1,0.41666666666666663,0.6
PKHD1L1,SMURF1,0.7692307692307692,0.5
MCF2L,MEGF10,0.5,0.6666666666666667
CCR9,ROS1,0.5,0.5333333333333333
BICD2,RGS9,0.33333333333333337,0.25
DNM1P47,GATA6,0.5588235294117647,0.5
CNTNAP5,RIMS2,0.2857142857142857,0.1428571428571429
SRGAP2,ZFAT,0.6666666666666667,0.25
COL7A1,USP28,0.7272727272727273,0.6666666666666667
ATP8B4,XYLT2,0.6666666666666667,0.5
AQPEP,CDC27,0.5,0.5714285714285714
PLCL1,SLC9A7P1,0.4285714285714286,0.6666666666666667
MYO1B,OR6Q1,0.33333333333333337,0.6666666666666667
MBD6,RAB3GAP1,0.33333333333333337,0.75
MBD6,RAB3GAP2,0.5,0.6
AGAP3,TDRD10,0.5,0.33333333333333337
PLG,PTPRC,0.7142857142857143,0.4444444444444444
ATP10B,WASH2P,0.125,0.2727272727272727
SEC63,Unknown,0.6666666666666667,0.30000000000000004
CYBB,SLITRK2,0.33333333333333337,0.5
GPR83,SSTR4,0.33333333333333337,0.625
C3,ZNF28,0.2857142857142857,0.33333333333333337
HOXA6,ZNF674,0.6666666666666667,0.5
MYH4,TLR1,0.6428571428571428,0.5714285714285714
IL31RA,PCSK9,0.33333333333333337,0.6
FMN1,RRN3P2,0.19999999999999996,0.72
KCNH1,PTPN11,0.25,0.5
CAMTA1,GLIS3,0.19999999999999996,0.6666666666666667
DSP,LILRB1,0.7058823529411764,0.30000000000000004
GOLGA6L6,PCDHB12,0.6666666666666667,0.2857142857142857
PDILT,ZNF292,0.5,0.5714285714285714
DPP10,TRERF1,0.19999999999999996,0.6
AHNAK2,COL6A3,0.6923076923076923,0.47619047619047616
MPDZ,PCDHA3,0.33333333333333337,0.7142857142857143
CUBN,OR4D9,0.5833333333333333,0.5
RAB11FIP1,ZNF638,0.75,0.7142857142857143
NEBL,SH2D3C,0.4,0.5
NEFM,PCDHAC2,0.375,0.24193548387096775
DOCK7,DPPA2,0.6666666666666667,0.6666666666666667
ABCA7,CUL4B,0.41666666666666663,0.8888888888888888
BANK1,PCDHB13,0.6666666666666667,0.5
SCN5A,TRIM58,0.4444444444444444,0.5
FAM120A,LLGL1,0.25,0.5
BTBD11,PADI6,0.4285714285714286,0.4
ATP2A1,MS4A14,0.5,0.30000000000000004
HIVEP2,MAPK8IP1,0.75,0.5
CPSF3L,SMARCA2,0.33333333333333337,0.5
NLRP4,TRIML1,0.33333333333333337,0.33333333333333337
CSPG4,FAM75C1,0.19999999999999996,0.1428571428571429
CPD,SMR3A,0.5,0.5
KLKB1,KRTAP10-12,0.75,0.6
CREB3L1,ZBED1,0.5,0.5
PDGFRA,SPTA1,0.38888888888888884,0.2666666666666667
MYH4,TMC6,0.7272727272727273,0.75
GPR133,UGGT2,0.19999999999999996,0.33333333333333337
ANKRD20A11P,SPTBN4,0.6666666666666667,0.6
ANKRD20A11P,SPTBN5,0.75,0.5
OR4D6,TRIOBP,0.8,0.7333333333333334
LYST,SPATC1,0.6666666666666667,0.25
CPAMD8,HCN1,0.5833333333333333,0.17647058823529416
ANK2,SLIT3,0.19999999999999996,0.5714285714285714
CPAMD8,HCN4,0.6363636363636364,0.6
SCN5A,TRIM42,0.4285714285714286,0.33333333333333337
MAML2,UGGT1,0.5,0.25
CXorf23,TNFSF14,0.6666666666666667,0.4
PPIG,TACC1,0.5,0.5
IL1RAPL1,POLQ,0.5,0.4444444444444444
PCDH10,SMCHD1,0.8571428571428572,0.16666666666666663
GOLGA3,ZNF618,0.6666666666666667,0.4444444444444444
MAGEA6,SLC26A5,0.75,0.25
CHEK2,KCNB1,0.6842105263157895,0.6
OR52E8,PTEN,0.33333333333333337,0.28865979381443296
SPATC1,TRIM42,0.33333333333333337,0.5
LRIG1,SCN7A,0.33333333333333337,0.4285714285714286
OSBP2,TUBBP5,0.5,0.5217391304347826
MADD,TREML2,0.33333333333333337,0.5
ADAMTS16,SLC12A1,0.41666666666666663,0.75
ADAMTS16,SLC12A3,0.4545454545454546,0.4285714285714286
ABL2,UPF1,0.4,0.8571428571428572
PDE3A,SVIL,0.6666666666666667,0.33333333333333337
ANKRD30B,DNM1P47,0.6,0.5757575757575757
LAMB1,SLC22A20,0.25,0.5
HEATR5B,KRTAP4-11,0.7142857142857143,0.5925925925925926
KSR2,ZNF28,0.33333333333333337,0.5
CACNA1D,MORN5,0.2857142857142857,0.5
GPR112,SULT2B1,0.33333333333333337,0.5
ACOT2,DNAH8,0.5,0.4285714285714286
CTAGE1,SSTR4,0.625,0.7142857142857143
MAP1S,NOTCH2,0.25,0.5
FOLH1,PLXNA4,0.75,0.7272727272727273
DSG2,PSD4,0.75,0.2857142857142857
SCN1A,ZSWIM2,0.2857142857142857,0.33333333333333337
SCN1A,ZSWIM3,0.33333333333333337,0.5
ARHGAP35,POU4F2,0.5,0.36363636363636365
MYO1B,OR8K3,0.4,0.4
DCSTAMP,POTEC,0.25,0.6451612903225806
MUC16,PEX11A,0.537037037037037,0.5
ATM,MUC4,0.4,0.5333333333333333
ARID2,TIMD4,0.6666666666666667,0.8181818181818181
FAT2,KRTAP5-3,0.5714285714285714,0.6666666666666667
FAT2,KRTAP5-4,0.5925925925925926,0.5
COIL,HSP90AB1,0.6666666666666667,0.6666666666666667
RTN1,SLCO6A1,0.5,0.5555555555555556
DSEL,DZIP3,0.5,0.33333333333333337
CLEC4M,PXDNL,0.5,0.5
MUC16,RIMS2,0.5576923076923077,0.19999999999999996
RPS6KA3,SIGLEC5,0.5,0.6
LRRC30,SALL3,0.5,0.33333333333333337
ANO4,UGT1A1,0.4,0.09999999999999998
RPS6KA6,ZAN,0.8,0.5416666666666667
ATP10B,DDX26B,0.1428571428571429,0.5714285714285714
AMPD1,TPTE2P6,0.4,0.9473684210526316
CNGA1,NPY5R,0.33333333333333337,0.5
GPR179,MUC16,0.33333333333333337,0.5631067961165048
GPR179,MUC17,0.5,0.4727272727272728
ANO9,RGPD3,0.2857142857142857,0.25
MPP7,TCEB3C,0.4285714285714286,0.6666666666666667
AC024560.3,RRN3P1,0.8148148148148149,0.5454545454545454
OR13C8,USP11,0.4,0.6666666666666667
OR13C8,USP12,0.5,0.5
FBXO15,FCRL2,0.5,0.5
GABRD,PRDM13,0.6666666666666667,0.6666666666666667
A1CF,LMBRD1,0.6,0.5
KIAA1614,PADI6,0.6666666666666667,0.5
KIF4A,PKHD1,0.33333333333333337,0.3939393939393939
CHN2,SI,0.33333333333333337,0.25
CASR,SLC6A10P,0.5833333333333333,0.5833333333333333
PSD4,UNC13C,0.33333333333333337,0.4
CNGA1,NPTX2,0.5,0.1428571428571429
CLMN,VPS13A,0.5,0.4
COL6A6,PTPN11,0.19999999999999996,0.6
ACAN,MGAM,0.5,0.2941176470588235
SCN10A,WASH3P,0.4666666666666667,0.5806451612903225
DNAH2,RPTN,0.19999999999999996,0.6666666666666667
DVL2,SCARB1,0.25,0.33333333333333337
NFIB,PCDHB5,0.5,0.1428571428571429
KRT13,SEMG1,0.4,0.33333333333333337
KRT13,SEMG2,0.5,0.16666666666666663
MLL2,SMC3,0.1428571428571429,0.5
PIK3R2,SHROOM3,0.33333333333333337,0.8
CHN2,F2,0.5,0.6666666666666667
CADM1,NUDT11,0.8571428571428572,0.9
ITGB6,TIE1,0.8,0.5
CENPE,COL3A1,0.25,0.5
MN1,PLEKHA5,0.75,0.33333333333333337
CARM1,TUBB4A,0.8,0.33333333333333337
BIVM-ERCC5,MYO1B,0.5,0.6666666666666667
DNAH8,YBX2,0.45833333333333337,0.6666666666666667
BUB1,EGFR,0.5,0.2571428571428571
DNAH9,SDHAP1,0.368421052631579,0.6666666666666667
CFH,TNFSF14,0.33333333333333337,0.5
PCDHB5,PRKCB,0.16666666666666663,0.8
AHRR,EGFR,0.6666666666666667,0.2621359223300971
SCN10A,SLC2A1,0.5,0.33333333333333337
SCN10A,SLC2A3,0.5384615384615384,0.33333333333333337
FAM193A,NBPF10,0.2857142857142857,0.5588235294117647
SYT16,UGT1A1,0.2857142857142857,0.11111111111111116
AHNAK2,GATA6,0.7777777777777778,0.6666666666666667
PDZD2,USH2A,0.6,0.3870967741935484
CTCFL,MAML3,0.6666666666666667,0.7272727272727273
CUBN,OR4S2,0.625,0.6
GLIS3,TGIF2LX,0.75,0.33333333333333337
CCBE1,SBF1,0.5,0.4285714285714286
SLC18A2,XKR5,0.5,0.75
CD163,PPP2R1B,0.5555555555555556,0.5
AHNAK,SENP7,0.5238095238095238,0.6666666666666667
ATM,MSR1,0.5,0.5
MYH13,NOTCH3,0.3076923076923077,0.7777777777777778
MYH13,NOTCH4,0.33333333333333337,0.7142857142857143
DNAH12,PCDHGC5,0.6666666666666667,0.21568627450980393
PRAMEF2,RLTPR,0.5,0.4285714285714286
PIP4K2C,WWC3,0.5,0.5
CUBN,OR4X2,0.7142857142857143,0.4
IARS,MAP3K8,0.33333333333333337,0.6666666666666667
MPO,RGS12,0.6666666666666667,0.6666666666666667
SCN7A,THSD7B,0.6,0.5
CCDC158,UGGT2,0.4,0.4
C3orf67,HTR5A,0.25,0.5
GALNT5,MAP3K1,0.25,0.5
BCL11B,CACNG3,0.5,0.5
RLIM,ZMIZ1,0.8,0.7142857142857143
KRTAP4-7,NR2F2,0.4285714285714286,0.6666666666666667
PROKR2,SEL1L2,0.25,0.6666666666666667
PCLO,RBM47,0.41463414634146345,0.30000000000000004
ATRX,KNTC1,0.75,0.33333333333333337
POTEM,TNFRSF8,0.8333333333333334,0.25
PDCD11,UNC45B,0.75,0.8
F8,SLIT3,0.6666666666666667,0.8
CDH12,LGR5,0.6,0.6666666666666667
ESPNP,GPRC6A,0.6666666666666667,0.6
DNAH2,ROR2,0.16666666666666663,0.375
ACAN,MIB2,0.5714285714285714,0.75
NOS1,ZAP70,0.3125,0.75
CATSPERD,TTC21A,0.33333333333333337,0.6666666666666667
PAK4,USP51,0.6666666666666667,0.5
CACNG3,WASH3P,0.5714285714285714,0.5862068965517242
CD14,PPP1R12C,0.5,0.33333333333333337
CEP70,TMPRSS15,0.5,0.5714285714285714
EFCAB12,PLCG2,0.25,0.23076923076923073
HSPG2,SLIT2,0.5454545454545454,0.6
CDH12,SRRM2,0.75,0.75
BRAF,TRANK1,0.4,0.8333333333333334
CENPE,COL4A5,0.33333333333333337,0.5
ARHGAP32,VEZF1,0.75,0.6666666666666667
ACACB,OFD1,0.5882352941176471,0.5
ADAMTSL4,ZCWPW1,0.75,0.25
PGR,RAD51AP2,0.6,0.33333333333333337
AMPD2,CILP2,0.33333333333333337,0.33333333333333337
DLC1,PM20D1,0.5454545454545454,0.5
JHDM1D,MKI67,0.16666666666666663,0.4
HEATR7B2,IL4R,0.125,0.2857142857142857
GCC1,MEP1B,0.5,0.5
CRHR2,FRMPD4,0.6,0.30000000000000004
ADAM20,GPR174,0.75,0.25
COL6A2,SFTPC,0.2857142857142857,0.75
APOBEC1,KCNJ18,0.25,0.7142857142857143
ATP10B,SLC2A3,0.16666666666666663,0.5
HEATR7B2,IL32,0.16666666666666663,0.7272727272727273
LYST,OR5A1,0.8,0.625
GPRASP1,TNFSF14,0.5,0.6666666666666667
ABI3BP,OTUD4,0.6,0.6
BZRAP1,KIAA0020,0.6,0.33333333333333337
IGF1R,OTUD4,0.19999999999999996,0.6666666666666667
EFNA3,KRT31,0.5,0.6666666666666667
KIRREL3,SPTBN5,0.5,0.5
MAN2B2,SIGLEC9,0.75,0.5
PKHD1,UTRN,0.3870967741935484,0.625
ESRRB,NBPF10,0.33333333333333337,0.5606060606060606
PBRM1,TRRAP,0.5,0.375
NAV3,VPS18,0.75,0.7142857142857143
FRY,GALNT3,0.8571428571428572,0.5
MACC1,PNMA3,0.33333333333333337,0.5
ACACB,ODZ3,0.6666666666666667,0.1428571428571429
COG5,NPAS3,0.8,0.33333333333333337
PCDHGA2,TNS4,0.5,0.33333333333333337
STAB2,ZNF718,0.33333333333333337,0.33333333333333337
COL6A2,ODZ3,0.33333333333333337,0.16666666666666663
CLCNKA,TIAM2,0.33333333333333337,0.41666666666666663
HMGB3,PTPN11,0.8,0.6666666666666667
ITGA4,RPL13AP20,0.625,0.5
STAB2,ZNF727,0.4,0.25
ACADS,MST1P9,0.4,0.23076923076923073
C9orf131,KLK15,0.33333333333333337,0.5
CATSPERD,ODZ3,0.4,0.19999999999999996
ITPR1,TENM2,0.25,0.6
SEZ6L2,ZGPAT,0.25,0.5
DEPDC5,RPL10L,0.5,0.33333333333333337
ANO9,RGNEF,0.33333333333333337,0.5
SCN9A,ZDBF2,0.09090909090909094,0.5454545454545454
NOTCH1,PI4KB,0.75,0.33333333333333337
ADCY1,CALD1,0.6,0.5
SCARB1,Unknown,0.5,0.4285714285714286
MX2,NPAS3,0.6666666666666667,0.5
KDM6A,ZNF91,0.5,0.5
ALPK2,TCHH,0.5,0.3529411764705882
CACNG3,PRAMEF2,0.6666666666666667,0.6
MYO1A,SOX3,0.5,0.5
CHD6,POLA1,0.5,0.75
IARS,QRICH1,0.5,0.5
SLC17A9,TBP,0.5,0.6428571428571428
CDC42BPB,DOCK5,0.8,0.3913043478260869
ADD2,GGT3P,0.33333333333333337,0.8333333333333334
CHRNG,FRG1B,0.5,0.6206896551724138
KRTAP4-11,PCDHGB4,0.13157894736842107,0.16666666666666669
PTGFRN,SYCP1,0.6666666666666667,0.5555555555555556
NRK,SPEF2,0.33333333333333337,0.7
MUC4,RALYL,0.034883720930232565,0.16666666666666669
MOV10L1,PEG10,0.5,0.6666666666666667
KRTAP10-3,SLCO1B3,0.33333333333333337,0.625
FRG1B,IGSF1,0.627906976744186,0.5714285714285714
FRG1B,IGSF3,0.6352941176470588,0.33333333333333337
GRIPAP1,PIK3CA,0.5,0.4769230769230769
NTSR1,SYNE1,0.5,0.5
GPR133,ZNF845,0.25,0.8666666666666667
KCNN2,OR5H1,0.6666666666666667,0.4
DMD,TP53BP1,0.5,0.6666666666666667
PACS1,PLCB1,0.75,0.4
ACACB,OCRL,0.7142857142857143,0.25
ATP10B,ZNRD1-AS1,0.19999999999999996,0.7857142857142857
FRK,HMCN1,0.5,0.5681818181818181
CALCR,FSCB,0.4,0.33333333333333337
GIMAP4,NOTCH4,0.6666666666666667,0.8333333333333334
OR5D13,SDHAP3,0.4,0.19999999999999996
CHD8,KCND2,0.5714285714285714,0.19999999999999996
DNAH11,IFITM3,0.5,0.5
SYT16,UGT2B4,0.4,0.30000000000000004
MAGEB16,ZNF71,0.5,0.5
FILIP1,LRRIQ3,0.19999999999999996,0.5
CHD8,KCNH8,0.6666666666666667,0.4285714285714286
GABRB2,NLRP3,0.1428571428571429,0.19999999999999996
CLEC4M,PRPF40B,0.6666666666666667,0.5
EDAR,FRAS1,0.125,0.7
KRTAP10-6,SRSF3,0.5,0.5
IGF1R,TFPI2,0.2222222222222222,0.6
ATP10B,SLC4A1,0.25,0.33333333333333337
NUP210L,THADA,0.5555555555555556,0.25
MAP7D3,UGT2A3,0.5,0.375
OR5AR1,VPS13C,0.25,0.5
DCX,MUC16,0.5,0.5714285714285714
CTHRC1,TG,0.5,0.2857142857142857
SLCO6A1,SYNE1,0.8333333333333334,0.5416666666666667
FTSJ1,RNF128,0.5,0.33333333333333337
ALPK2,TET2,0.6,0.6666666666666667
C14orf105,GFRA4,0.5,0.33333333333333337
BCLAF1,ITPR3,0.30000000000000004,0.6923076923076923
KCNT1,PCDH20,0.33333333333333337,0.33333333333333337
FGD5,GPR162,0.4375,0.5
COL1A1,MAP3K1,0.5,0.5714285714285714
PTPRH,SLC12A3,0.7142857142857143,0.4
PRKDC,UGT2B28,0.375,0.05555555555555558
FGD5,GPR133,0.5833333333333333,0.4
EFNB2,PPEF2,0.6666666666666667,0.6
FGD5,GPR141,0.6363636363636364,0.4
SLC5A1,TRPM1,0.6666666666666667,0.75
FSTL5,URGCP,0.2727272727272727,0.5
CTTNBP2,RNF133,0.6666666666666667,0.33333333333333337
PCNXL2,PTK2B,0.7142857142857143,0.4
KCNT1,PCDHB7,0.4,0.5
CTSG,WWC3,0.16666666666666663,0.5714285714285714
IMPG1,OPN4,0.6666666666666667,0.4
CDH19,ITIH1,0.4285714285714286,0.4
JHDM1D,SEMA6D,0.19999999999999996,0.8
ADAM28,SPTA1,0.3846153846153846,0.2962962962962963
BRAF,INSRR,0.4444444444444444,0.33333333333333337
AC093642.5,STAG3L4,0.6666666666666667,0.8333333333333334
FRMD4A,SUPT16H,0.5,0.5
GABRA1,SLITRK3,0.375,0.33333333333333337
RUNX2,WASH3P,0.8181818181818181,0.6071428571428572
CYP4F12,SNRNP200,0.4,0.5
DCHS1,SPINT1,0.7,0.2857142857142857
EPPK1,NAV3,0.5625,0.8571428571428572
CDCP1,GPR112,0.33333333333333337,0.3571428571428571
CD22,GLIS1,0.4285714285714286,0.4
NEFM,PCDHGC5,0.4285714285714286,0.19999999999999996
CCDC108,NBPF10,0.3,0.05555555555555558
LRRC8C,RNF113A,0.5,0.5
CCDC144A,CYP2C8,0.33333333333333337,0.33333333333333337
HRNR,SPTA1,0.4736842105263158,0.31999999999999995
MUC16,PRAMEF1,0.07291666666666669,0.25
MUC16,PRAMEF2,0.07446808510638298,0.16666666666666669
MDC1,NOTCH2,0.375,0.5384615384615384
COL22A1,RBMXL1,0.05555555555555558,0.16666666666666669
FAM123C,RBBP6,0.1428571428571429,0.375
PI4KB,RASSF9,0.5,0.5
ITGB2,ZFHX3,0.33333333333333337,0.8181818181818181
FSCN3,KRTAP10-10,0.6666666666666667,0.33333333333333337
ATP2B3,TKTL2,0.4444444444444444,0.5
PSG9,PTCHD4,0.4,0.5
CENPF,SLC9A4,0.4,0.33333333333333337
EXTL1,SIGLEC8,0.5,0.25
ATP4A,RIMS2,0.5,0.2222222222222222
C3,ZNF99,0.2222222222222222,0.5454545454545454
FAM47C,TGIF2LX,0.7777777777777778,0.5
HERC1,MACF1,0.75,0.15384615384615385
GPR132,NPBWR2,0.6666666666666667,0.5
ITPR1,TEKT4,0.4,0.6666666666666667
AP3S1,NDST3,0.33333333333333337,0.25
KCNH8,WNK2,0.5,0.33333333333333337
ANO2,ENPP2,0.36363636363636365,0.375
ACE,C3orf67,0.5,0.33333333333333337
CACNA1E,LTN1,0.5,0.33333333333333337
PTEN,ZSCAN5B,0.28395061728395066,0.6666666666666667
HSD11B1,NEK10,0.5,0.5
ATP10B,SLC5A8,0.5,0.33333333333333337
KCNJ3,OCRL,0.5,0.33333333333333337
ERCC6L,PDE1C,0.5,0.33333333333333337
PCK1,TBX22,0.5,0.6
ABCC10,CACNA1B,0.7,0.5
CDC27,PPP1R3A,0.6666666666666667,0.41666666666666663
CCDC114,DNM1P47,0.33333333333333337,0.5862068965517242
HP1BP3,KRT25,0.5,0.8333333333333334
FANCD2,UGT2B11,0.75,0.33333333333333337
JPH1,SIGLEC5,0.6,0.75
OBSCN,ZSCAN10,0.41463414634146345,0.5
IMPG1,NLRP4,0.8,0.4285714285714286
KIF13A,SLC22A10,0.2222222222222222,0.5
PCLO,PRKCSH,0.4,0.5
ITGAX,KRTAP4-7,0.625,0.5
ITGAX,KRTAP4-9,0.7142857142857143,0.9166666666666666
CCDC129,UBN1,0.6666666666666667,0.33333333333333337
GPR4,OR5A1,0.33333333333333337,0.8
COL2A1,RRN3P2,0.8333333333333334,0.782608695652174
LAMA2,SPACA3,0.33333333333333337,0.5
HLA-F,MAS1L,0.6,0.6666666666666667
BAI1,GPR78,0.75,0.6666666666666667
NPTX2,NTF3,0.16666666666666663,0.6666666666666667
ACACB,SAGE1,0.75,0.625
CSPG4,MYLK,0.33333333333333337,0.375
BTBD11,KIAA0020,0.4,0.4
FAM83B,IL22RA1,0.5,0.6666666666666667
PTEN,RIMS2,0.30666666666666664,0.6666666666666667
AHR,SCN9A,0.6666666666666667,0.09999999999999998
HFM1,SEMA3E,0.5,0.33333333333333337
KIF6,PSG4,0.6666666666666667,0.25
HEATR7B2,PTPRM,0.33333333333333337,0.4
HEATR7B2,PTPRR,0.5,0.75
NPTX2,SCN10A,0.19999999999999996,0.5
KRT1,PCDHA7,0.875,0.6666666666666667
C8B,OR2L13,0.5714285714285714,0.33333333333333337
ANKRD30B,CD163L1,0.75,0.5
ANKAR,ASTN1,0.5,0.5
GAS2L2,NUP107,0.4444444444444444,0.33333333333333337
DIAPH2,HCRTR2,0.33333333333333337,0.5
PTK2B,SCN7A,0.5,0.75
HFM1,SYT10,0.6,0.5
G6PC,SPTA1,0.5,0.33333333333333337
DNM1P47,EIF4G1,0.6071428571428572,0.5
ADAM28,PRODH2,0.41666666666666663,0.33333333333333337
KEL,PREX1,0.42105263157894735,0.8
CNTN4,CPSF1,0.5555555555555556,0.33333333333333337
HCN1,MYH13,0.1428571428571429,0.4444444444444444
HCN1,MYH14,0.15384615384615385,0.8
HCN1,MYH15,0.16666666666666663,0.6
CPVL,TNFSF9,0.19999999999999996,0.75
ODZ3,RASAL3,0.25,0.5
APLP2,SULF2,0.5,0.5
ABCA4,PLCG1,0.4545454545454546,0.19999999999999996
HCRTR2,THADA,0.6666666666666667,0.33333333333333337
ABI3BP,KCNH8,0.6666666666666667,0.6
HCN1,MYH7B,0.18181818181818177,0.6666666666666667
ANKRD30BP2,CDH19,0.8666666666666667,0.5
TBC1D9,TUBB4A,0.33333333333333337,0.5
FAM71B,PCDHGC5,0.33333333333333337,0.2093023255813954
FCRL5,SIRPA,0.75,0.6666666666666667
PCDHAC2,TSHZ2,0.2586206896551724,0.25
MAP3K1,TRRAP,0.6666666666666667,0.4
ITPR3,SIRPA,0.2272727272727273,0.25
CYP3A4,SLC36A2,0.6666666666666667,0.6666666666666667
GRIN2A,WHSC1L1,0.5263157894736843,0.5
CFH,WASH1,0.36363636363636365,0.5
HIST1H2AA,PLEKHA5,0.25,0.5
DGKA,SYCP2,0.33333333333333337,0.33333333333333337
ATP2B3,KIF25,0.5714285714285714,0.5
ATP2B3,KIF4A,0.6666666666666667,0.5
LRRK1,SLCO1B3,0.6363636363636364,0.6666666666666667
CASZ1,CYP4F8,0.6,0.5
CABS1,SERPING1,0.25,0.75
FRYL,GOLGA6L10,0.5,0.25
CORIN,CXCR1,0.5,0.75
PKDREJ,SLC6A19,0.33333333333333337,0.6
RASAL2,RUNX2,0.5,0.875
CR2,MICAL2,0.1428571428571429,0.5
PAN3,S100A7A,0.5,0.33333333333333337
BTAF1,DLC1,0.5,0.6
IL4R,MYH7B,0.33333333333333337,0.8
PCLO,RBBP6,0.40625,0.4285714285714286
FBN1,TRIM51,0.5,0.2222222222222222
MUC16,SIGLEC11,0.5909090909090908,0.4
OR4A47,PCDHAC2,0.6666666666666667,0.2678571428571429
CYP2D7P1,SRRM2,0.75,0.8571428571428572
PGK1,SULT1B1,0.6666666666666667,0.6666666666666667
MAX,TCHH,0.75,0.4
PCDHB5,TSPEAR,0.5,0.375
MAPK8IP3,TTN,0.5,0.5
CDH9,MYL10,0.33333333333333337,0.5
SPINT1,ZFHX3,0.33333333333333337,0.875
SPINT1,ZFHX4,0.4,0.5
OR5D18,PLXNB3,0.5714285714285714,0.5714285714285714
KCNG1,PRKCD,0.5,0.6666666666666667
PDE2A,PHF20,0.6666666666666667,0.6666666666666667
AMZ2P1,MMP12,0.8333333333333334,0.5714285714285714
DSC2,GPR133,0.75,0.5
ADAM2,OR8K3,0.16666666666666663,0.6
FAM123C,PCDHAC2,0.16666666666666663,0.2727272727272727
GPR83,OBSCN,0.5,0.4444444444444444
ANO2,SCRN1,0.4444444444444444,0.6666666666666667
FAM126B,RGAG1,0.2857142857142857,0.6666666666666667
CNTNAP5,COL6A1,0.4,0.1428571428571429
ATP8B3,ROBO2,0.33333333333333337,0.6666666666666667
OR52I2,PDGFRA,0.33333333333333337,0.4
LRP1,POM121,0.5882352941176471,0.33333333333333337
SERPINA3,SPTA1,0.5,0.31818181818181823
ACACB,IL18RAP,0.9,0.19999999999999996
COL1A2,TRIM51,0.5625,0.25
COL1A2,TRIM58,0.5714285714285714,0.4
CSMD1,RANBP2,0.16666666666666663,0.4
FNDC1,GPR85,0.33333333333333337,0.33333333333333337
SAMD9L,SLC1A6,0.4285714285714286,0.5
FNDC1,GPR98,0.4,0.3913043478260869
NBEAL2,SLC17A7,0.5,0.25
COL6A3,POF1B,0.4,0.4
COL22A1,KIAA0907,0.625,0.625
DZIP3,NBPF10,0.5,0.5714285714285714
FCHSD1,TACC2,0.5,0.4
ABCC11,GIMAP6,0.5714285714285714,0.5
SYNE1,VAMP5,0.5454545454545454,0.5
HCN4,NEDD4L,0.75,0.25
GDF10,XIRP2,0.5,0.1428571428571429
CABIN1,SMC1A,0.16666666666666663,0.5
OR52E8,OTOF,0.5,0.5
ALPK2,SIM1,0.5,0.6
MECOM,PKD1L2,0.2222222222222222,0.6923076923076923
P2RY2,SI,0.33333333333333337,0.19999999999999996
DKK2,MYEOV,0.75,0.5
IKZF1,TUBB8P7,0.6666666666666667,0.7872340425531915
MPPED1,SH3RF2,0.33333333333333337,0.2857142857142857
OR6V1,RIPK4,0.5,0.4285714285714286
MUC17,TBX18,0.4883720930232558,0.5
CEACAM7,MED12,0.5,0.33333333333333337
CNTNAP5,COL4A5,0.6666666666666667,0.6666666666666667
FRG1B,MYH13,0.625,0.5
BCOR,DSCAML1,0.5384615384615384,0.5
TRPC5,ZNF99,0.5,0.6
NF1,PPARGC1B,0.3529411764705882,0.33333333333333337
APOBEC1,IKZF1,0.33333333333333337,0.8
DIDO1,OBSCN,0.75,0.4571428571428572
APOBEC1,TFAP2D,0.5,0.8333333333333334
MAG,ZIC4,0.19999999999999996,0.33333333333333337
PCNXL2,PTPRC,0.8333333333333334,0.6666666666666667
DAPK1,SEC23B,0.33333333333333337,0.5
C5,NBPF10,0.6666666666666667,0.5818181818181818
CACNA1B,REPIN1,0.5454545454545454,0.33333333333333337
FILIP1,SERPINB5,0.5,0.5
C12orf35,MS4A8B,0.5,0.5
C9,MYBBP1A,0.33333333333333337,0.5
ATP2B2,OR2A25,0.25,0.6
ITGAM,NISCH,0.5,0.8
CHST1,SCUBE1,0.5,0.5
EHD3,NDUFAF2,0.5,0.75
AHRR,DLC1,0.6666666666666667,0.6666666666666667
PCDHB12,SERPINB13,0.19999999999999996,0.33333333333333337
GABRA6,SOX13,0.375,0.5
FAM178A,MST1P9,0.75,0.2727272727272727
C11orf82,ZNF280A,0.5,0.5
HCN1,LRRC37A11P,0.19999999999999996,0.75
CHD8,TEX15,0.8,0.36363636363636365
COL1A2,TRIOBP,0.6363636363636364,0.7272727272727273
IRS1,NBPF10,0.41666666666666663,0.2628205128205128
AGAP6,MYH11,0.75,0.4285714285714286
AOAH,KRTAP10-12,0.5,0.75
MAST4,RB1CC1,0.7142857142857143,0.5
GPX5,TTN,0.5,0.5035971223021583
COL11A1,SORCS3,0.33333333333333337,0.5
CDH15,RPL13AP6,0.33333333333333337,0.33333333333333337
EPHA6,MID2,0.6666666666666667,0.6666666666666667
C3orf67,COL1A2,0.5,0.7
SSTR5,TMEM132B,0.33333333333333337,0.5714285714285714
EP400,KIFC2,0.736842105263158,0.6666666666666667
MAPK8IP2,SLCO2B1,0.75,0.5
KEL,RNF133,0.4444444444444444,0.5
KRTAP4-11,PCDH11Y,0.6363636363636364,0.11111111111111116
KEL,RNF112,0.47058823529411764,0.6666666666666667
CYLC1,SALL3,0.5,0.5
SHANK1,SSPO,0.33333333333333337,0.6428571428571428
ATAD2,LMAN1,0.6,0.5
FAM193A,IGSF10,0.4,0.6
LAMB4,PPP1R16B,0.75,0.75
ADAMTS7,MACF1,0.2857142857142857,0.16666666666666663
AMPH,PLCH1,0.33333333333333337,0.6
FAT1,PROKR2,0.75,0.2857142857142857
ATP2B2,RP1L1,0.33333333333333337,0.2222222222222222
KCNN3,PRIC285,0.6666666666666667,0.5
CDH9,MYO3A,0.375,0.6
CDH9,MYO10,0.4285714285714286,0.6
ADAM21P1,FSTL5,0.5,0.30000000000000004
EP400,KIF1B,0.7428571428571429,0.5
OR10H3,POM121L12,0.5,0.11111111111111116
PTEN,RIPK1,0.3098591549295775,0.5
PSG9,UGT2B10,0.5,0.2727272727272727
MESP2,ZNRD1-AS1,0.5714285714285714,0.9090909090909091
FAT2,KRTAP4-8,0.5909090909090908,0.375
NUMA1,REN,0.4444444444444444,0.33333333333333337
COL14A1,SLC35G3,0.2222222222222222,0.8
CSMD1,FER1L6,0.19999999999999996,0.5714285714285714
IQGAP3,PKD1L2,0.33333333333333337,0.6666666666666667
ABLIM3,WDR81,0.6666666666666667,0.6
KLK15,TRPV4,0.5,0.33333333333333337
KLK15,TRPV6,0.5,0.5
EVPL,MUC16,0.5,0.5952380952380952
CD163L1,NIPAL1,0.5454545454545454,0.33333333333333337
DMD,ZFP64,0.6,0.8333333333333334
KCNG1,LAMA2,0.5,0.3076923076923077
MDN1,TERF2IP,0.5,0.5
ACSM2A,MAP3K1,0.5,0.8
GRIN2A,PTPRZ1,0.5555555555555556,0.5714285714285714
AC008103.5,MECOM,0.7777777777777778,0.25
MYO5B,Unknown,0.8571428571428572,0.4
N4BP2,VIL1,0.5,0.5
ENOX2,RBM19,0.5,0.25
LINGO2,MMP13,0.6,0.19999999999999996
KEL,RNF213,0.5384615384615384,0.5
ABCA9,GABRA1,0.6,0.33333333333333337
AK7,LTBP2,0.5,0.375
ATG4D,SPEG,0.33333333333333337,0.19999999999999996
MUC16,PRSS3P2,0.09259259259259262,0.04545454545454547
KIAA1549,PARP12,0.16666666666666663,0.25
ATP2B2,RP11-252A24.2,0.5,0.875
AASS,OBSL1,0.6666666666666667,0.5
GABRB1,USP9X,0.5,0.7142857142857143
BCL6,DNMT1,0.75,0.5
BRD8,MESP2,0.33333333333333337,0.6666666666666667
ATRX,OR52I2,0.8787878787878788,0.5
F5,RNF17,0.2222222222222222,0.5555555555555556
LILRB3,UGT2B10,0.25,0.30000000000000004
LAMA1,TSSC2,0.33333333333333337,0.7037037037037037
HERC2P3,LTBP2,0.4,0.33333333333333337
LGI2,SLC12A3,0.6666666666666667,0.6666666666666667
GTF2IRD2P1,PUS7,0.6666666666666667,0.5
OR2M3,ZIC4,0.5,0.5
MAGEB1,NUP107,0.5,0.5
DCHS1,PROKR2,0.75,0.33333333333333337
ALDH3B2,NLRP11,0.5,0.6
PRDM9,SYNE1,0.3157894736842105,0.6470588235294117
LCT,OR11H12,0.33333333333333337,0.25
ATF7IP2,ITPR3,0.5,0.7777777777777778
MGAM,RANBP6,0.2727272727272727,0.33333333333333337
CATSPERD,COL15A1,0.6666666666666667,0.33333333333333337
DAXX,SPTA1,0.33333333333333337,0.35
A2M,COL22A1,0.6,0.6
ARMC3,RAB3GAP2,0.2857142857142857,0.6666666666666667
KRT9,UGGT2,0.33333333333333337,0.5
NBAS,PRPF8,0.5,0.5
ARNTL2,ATAD3B,0.6666666666666667,0.6666666666666667
FFAR3,RP1L1,0.33333333333333337,0.25
ANO4,VWA3A,0.5,0.5
RAI1,TUBBP5,0.75,0.55
BTNL3,GGT1,0.33333333333333337,0.5
FAT1,XXYLT1,0.8181818181818181,0.5
AC016995.3,PCSK9,0.75,0.6666666666666667
FAM123C,PCDHGC5,0.33333333333333337,0.2647058823529411
CYP4F3,HLA-F,0.375,0.5
NR1I3,TBC1D8,0.33333333333333337,0.6666666666666667
NUMA1,RP1,0.6666666666666667,0.8571428571428572
CEP152,HYDIN,0.33333333333333337,0.8
DST,NFATC1,0.5714285714285714,0.33333333333333337
ARHGAP26,RGAG1,0.6666666666666667,0.75
COL11A2,WWC3,0.2857142857142857,0.6
LRP2,LTBP1,0.6071428571428572,0.4
LRP2,LTBP2,0.6538461538461539,0.5
ITPR1,TRIM51,0.5,0.19999999999999996
FAT1,PDZRN4,0.9,0.6666666666666667
GTF2IRD2P1,PTEN,0.7272727272727273,0.328125
DMD,LRFN5,0.625,0.1428571428571429
LBP,SLC6A15,0.33333333333333337,0.5
PTPRD,RP1L1,0.6,0.2857142857142857
MAML3,TUBB8P7,0.35714285714285715,0.3181818181818182
DOCK2,DOCK8,0.5,0.7777777777777778
CALCR,PCDHGC5,0.5,0.29032258064516125
CNGB1,KHDRBS2,0.6666666666666667,0.5
TRIM51,UHRF1BP1L,0.25,0.4
ANO3,PLCB4,0.5,0.6666666666666667
RLTPR,TP53,0.3333333333333333,0.32635253054101215
HCN1,MYO7B,0.2222222222222222,0.6666666666666667
NALCN,SLC22A25,0.33333333333333337,0.5
KRTAP13-1,WDFY3,0.33333333333333337,0.75
SMG1,SYNE1,0.5,0.6875
HKDC1,MLLT4,0.19999999999999996,0.8333333333333334
DAO,PLEKHG1,0.33333333333333337,0.33333333333333337
SEC16A,TES,0.5,0.5
CGB8,TSHZ2,0.5,0.33333333333333337
MESP2,PKHD1,0.8,0.38095238095238093
MYH13,PCDHGC5,0.8,0.31034482758620685
ADAMTSL1,ARID1A,0.4444444444444444,0.8947368421052632
CASP1,TPTE2,0.33333333333333337,0.6
BCL11A,OR10H5,0.5,0.4
ANKRD30A,YLPM1,0.6923076923076923,0.33333333333333337
CD163L1,KIAA0556,0.6,0.6666666666666667
BCORL1,MAPK15,0.75,0.25
PTEN,RP11-204M4.2,0.33333333333333337,0.33333333333333337
HCN1,MYOCD,0.4,0.8
FSCB,HCFC1,0.5,0.7142857142857143
F5,RANGAP1,0.2857142857142857,0.5
GATA4,UGT2B4,0.5,0.19999999999999996
CFH,PCDH11X,0.5714285714285714,0.2222222222222222
CFH,PCDH11Y,0.6666666666666667,0.125
AACS,PLIN2,0.5,0.5
FUBP1,RP11-114H24.7,0.34375,0.2857142857142857
COL6A3,PROKR2,0.41666666666666663,0.6666666666666667
DMXL1,MED12,0.33333333333333337,0.30000000000000004
F13A1,TBC1D8B,0.19999999999999996,0.4
IL4R,MYO5C,0.5,0.5
TRIM58,UHRF1BP1L,0.6666666666666667,0.5
ATR,DOCK5,0.4,0.4
CIITA,NBPF10,0.4285714285714286,0.6458333333333333
OR5H2,USP25,0.33333333333333337,0.4
RXFP1,TCF20,0.5,0.75
SEC31A,TAF1L,0.5,0.2857142857142857
LRIT1,PIK3R1,0.5,0.31999999999999995
BCL11A,MTNR1B,0.5,0.4
CORO7-PAM16,EXOC7,0.5,0.5
GOLGA2,SERPINA11,0.5,0.33333333333333337
ABCA4,SLC35F3,0.5,0.6
RXFP2,ZNF99,0.6666666666666667,0.5714285714285714
F8,MADCAM1,0.7,0.6666666666666667
HLA-DMB,PRSS16,0.5,0.25
TRRAP,YLPM1,0.4285714285714286,0.5
DYNC1I1,LAMB1,0.5714285714285714,0.5
BCORL1,FKBP8,0.8571428571428572,0.5
KCNB1,Unknown,0.6666666666666667,0.6666666666666667
DCSTAMP,GLUD2,0.33333333333333337,0.5
BAGE2,SLC11A1,0.8709677419354839,0.33333333333333337
IL12RB1,MORC1,0.6666666666666667,0.625
NEFM,OTOP2,0.25,0.33333333333333337
PCDH11X,TRIML1,0.33333333333333337,0.25
PCDH11X,TRIML2,0.4,0.25
ABCB1,KIF20B,0.33333333333333337,0.6
POLQ,UNC13B,0.4,0.33333333333333337
NEDD4L,PIKFYVE,0.33333333333333337,0.33333333333333337
RTP1,SYNE1,0.5,0.7333333333333334
FAM13C,SEMG2,0.33333333333333337,0.2222222222222222
GDF6,PTCHD4,0.5,0.5555555555555556
PKHD1,UBR4,0.4,0.33333333333333337
CERS3,DNAH10,0.5,0.4545454545454546
KLHL8,TRIM51,0.5,0.5
FAM126B,RGPD4,0.4,0.19999999999999996
CD44,SPATC1,0.6666666666666667,0.5
AC008103.5,AC024560.3,0.30952380952380953,0.375
DNAH5,IGF1R,0.4375,0.25
ANO1,FBXO22,0.8,0.5
PRSS16,RP11-1166P10.8,0.33333333333333337,0.6666666666666667
MUC4,TUBB8P7,0.38095238095238093,0.90625
OR5D13,STAG2,0.6666666666666667,0.2727272727272727
TNKS,USH2A,0.5,0.3913043478260869
ABCB4,TRIM71,0.625,0.5
HUWE1,NFXL1,0.5555555555555556,0.5
COL3A1,WBSCR17,0.6666666666666667,0.2857142857142857
CCDC85A,RYR2,0.6666666666666667,0.47058823529411764
LINC00969,SF3B1,0.7692307692307692,0.33333333333333337
EPHB6,KIAA1549,0.375,0.19999999999999996
LMO7,PTPRK,0.33333333333333337,0.33333333333333337
IFNGR2,KCNB2,0.5,0.5833333333333333
FRAS1,MORC1,0.33333333333333337,0.16666666666666669
ACSM5,TRGC1,0.75,0.6666666666666667
COL6A1,SPOCK3,0.19999999999999996,0.25
LOC645752,ST6GAL2,0.33333333333333337,0.6666666666666667
CD5L,PDE4C,0.5,0.5
EMR2,ITGA4,0.5,0.6666666666666667
CSTF2,PPP1R3A,0.6666666666666667,0.5
RB1,VRTN,0.36363636363636365,0.5
F5,RP11-156P1.3,0.33333333333333337,0.8095238095238095
FPR2,LRRK1,0.33333333333333337,0.75
ABCC9,IFT140,0.46153846153846156,0.75
ANKRD36,DAB2IP,0.5833333333333333,0.6666666666666667
NOTCH2,NUP205,0.5,0.5
ASPM,EPHA7,0.6,0.5
PLXNB3,SRCAP,0.6666666666666667,0.5
CLDN14,KIAA1377,0.6666666666666667,0.25
SCN9A,STXBP5L,0.11111111111111116,0.5
DPYSL5,FREM2,0.5,0.6
NOL3,PDGFRA,0.5,0.41666666666666663
ADAMTS3,JARID2,0.6,0.6666666666666667
CTSG,MATN4,0.33333333333333337,0.1428571428571429
CACNA1E,KSR2,0.6666666666666667,0.4285714285714286
AFF2,OR5W2,0.5,0.33333333333333337
EGFR,PRKCA,0.28409090909090906,0.6666666666666667
B4GALNT1,CACNA2D1,0.33333333333333337,0.5
CEP350,FUS,0.4,0.5
NEBL,SLC6A10P,0.4285714285714286,0.75
OR10H5,PCNT,0.5,0.5
CEP350,FLG,0.5,0.4390243902439024
EVPL,FLG,0.6666666666666667,0.46153846153846156
GCN1L1,PIK3R1,0.75,0.30434782608695654
AQP7,KIF2B,0.8,0.6
FUBP1,PNLIPRP2,0.8709677419354839,0.75
KEL,LILRB2,0.625,0.7142857142857143
EPB41L2,PCDHB2,0.6666666666666667,0.6666666666666667
EPB41L2,ZAN,0.8,0.4
ALPPL2,AZGP1,0.25,0.5
DDX26B,TAF1L,0.6666666666666667,0.4
AHNAK,PLEKHG4B,0.6363636363636364,0.5
ASS1,PARP12,0.25,0.33333333333333337
MMP13,WDR72,0.5,0.4
DOCK5,SDHAP2,0.42105263157894735,0.2857142857142857
FZR1,PTPRZ1,0.5,0.6666666666666667
MYT1,TBC1D8B,0.75,0.33333333333333337
ATRX,TRPM2,0.9387755102040817,0.6
CAPN11,HSPG2,0.6666666666666667,0.47058823529411764
EIF4G1,POTEC,0.75,0.72
DNAH17,EPHA10,0.5714285714285714,0.5714285714285714
LAMA1,NT5C1B-RDH14,0.23076923076923073,0.33333333333333337
LAMC1,ZNF761,0.5,0.375
LMO7,RP11-156P1.3,0.5,0.8947368421052632
MACC1,PODXL,0.25,0.6
ABCD2,ACADS,0.5,0.5
ABCA13,NBPF10,0.8235294117647058,0.7567567567567568
FAM83B,FCGBP,0.5,0.4
CCDC158,CD163,0.5,0.625
KRTAP10-6,STAB1,0.5,0.375
CNN2,OR5K4,0.5,0.33333333333333337
MED12,ZNF181,0.6666666666666667,0.5
MECOM,NBPF1,0.33333333333333337,0.5238095238095238
AHNAK,EPHA5,0.75,0.4285714285714286
PKHD1,VPS8,0.375,0.19999999999999996
KIF20B,NOTCH2,0.6666666666666667,0.625
AK7,LRIG3,0.5,0.5
PSME4,WBSCR17,0.6666666666666667,0.25
FREM1,LIMCH1,0.5,0.5
CPVL,PLCG2,0.33333333333333337,0.25
EPRS,TUBBP5,0.6666666666666667,0.625
KPRP,OR5D14,0.4,0.5
IPO5,KSR2,0.5,0.6
CHGB,HUWE1,0.4,0.625
DUX4L3,LOC645752,0.4,0.4
FAM120A,SPTBN5,0.5,0.6666666666666667
ANKRD11,FAM83D,0.5,0.5
CABS1,CYP4F3,0.33333333333333337,0.4285714285714286
ABCB1,MATN4,0.4,0.16666666666666663
EGFR,PROS1,0.32258064516129037,0.5
ESPNP,GPR112,0.8333333333333334,0.5
HS3ST6,PDGFRA,0.33333333333333337,0.5
AJ271736.10,SYNE1,0.875,0.8333333333333334
ABCB1,MAST4,0.4444444444444444,0.8333333333333334
SND1,UGT2A3,0.5,0.5
PCDH11Y,UBE2Q2P1,0.1428571428571429,0.5
DENND4C,PCDH11Y,0.33333333333333337,0.16666666666666663
ACSM2B,ACSM4,0.8333333333333334,0.19999999999999996
CCDC108,XPO4,0.875,0.33333333333333337
EGFR,PRPF8,0.3389830508474576,0.5
ABCC12,FOLH1B,0.33333333333333337,0.5
MDGA2,abParts,0.75,0.16666666666666663
MST1L,TRIM51HP,0.75,0.25
CDH18,RGS9,0.6666666666666667,0.5
CROCCP3,POM121,0.6666666666666667,0.33333333333333337
LAMA2,MKI67,0.375,0.8
EDAR,TENM1,0.16666666666666663,0.7777777777777778
BTNL3,HRNR,0.5,0.46153846153846156
ITPKC,STAG2,0.5,0.30000000000000004
GREB1,RP11-254I22.1,0.6666666666666667,0.33333333333333337
BPI,SYCP1,0.33333333333333337,0.6666666666666667
CHL1,DEPDC5,0.5,0.5
FAM126B,IFI16,0.6666666666666667,0.5
PICK1,VPS13D,0.5,0.33333333333333337
CELP,NLGN3,0.75,0.33333333333333337
AOX1,SEC16B,0.19999999999999996,0.8
MUC17,OR2G6,0.3125,0.75
ELTD1,MECOM,0.5,0.4
GPR50,INPP5D,0.33333333333333337,0.33333333333333337
RPS6KA2,USH2A,0.5,0.38888888888888884
LAMP2,NLGN3,0.75,0.5
ARAP2,PRAMEF11,0.5,0.75
CDH18,RELN,0.6666666666666667,0.30434782608695654
LRIG3,MUC16,0.3333333333333333,0.2303030303030303
CYP4F22,POTEC,0.75,0.7727272727272727
RB1,TUBBP5,0.3333333333333333,0.3333333333333333
DNAH11,SP110,0.8888888888888888,0.5
SLC6A19,YME1L1,0.5,0.33333333333333337
MYT1L,NDST3,0.8,0.5
GOLGA6L10,TYRO3,0.33333333333333337,0.5
NKD2,TRIM51HP,0.6666666666666667,0.33333333333333337
NOTCH2,PALM2-AKAP2,0.8333333333333334,0.33333333333333337
SCN9A,USH2A,0.1428571428571429,0.4117647058823529
FSTL5,USH2A,0.6,0.4666666666666667
DHX34,MPHOSPH9,0.5,0.5
FAM83H,USP11,0.5,0.6666666666666667
C1orf173,MAPK15,0.33333333333333337,0.5
DPP10,PLCG2,0.2222222222222222,0.33333333333333337
FAM83H,USP35,0.6,0.5
PTCD2,SLC6A19,0.6666666666666667,0.6
KIAA1217,RGAG1,0.4,0.8571428571428572
GPR141,SVOPL,0.6666666666666667,0.33333333333333337
FAT2,LRFN5,0.4545454545454546,0.25
ABCB1,DUX4L3,0.8,0.6666666666666667
CIITA,KIF16B,0.4,0.4285714285714286
SPEF2,UGT2A3,0.5,0.75
JAG2,SH3RF1,0.33333333333333337,0.5
GPR112,SPTA1,0.6666666666666667,0.3846153846153846
ABCF3,PLCG1,0.5,0.1428571428571429
BCOR,CRIPAK,0.55,0.5714285714285714
EGFR,LAMA2,0.29032258064516125,0.5
PTPRD,SPHKAP,0.6666666666666667,0.19999999999999996
HEPHL1,PCDHGC5,0.75,0.3846153846153846
CDK12,SEMA3C,0.6,0.375
OR10G2,ZPBP,0.6666666666666667,0.5
CFH,PCDHAC2,0.75,0.2962962962962963
KIAA1217,MUC5B,0.5,0.7083333333333333
OR13C4,PKD1L1,0.5,0.5
LAMA1,PDE6B,0.16666666666666663,0.5
BCLAF1,CYP4A11,0.33333333333333337,0.25
ATAD2,DENND4C,0.6666666666666667,0.5
FCGBP,RP1L1,0.47058823529411764,0.5
MAMLD1,MATN4,0.6666666666666667,0.25
KLHL13,U2SURP,0.4,0.5
HERC1,WNK3,0.75,0.75
GPR98,PCDHGC5,0.3846153846153846,0.5555555555555556
KRT33A,TUBBP5,0.33333333333333337,0.4
CKMT1B,MXRA5,0.5,0.15384615384615385
FLG2,HERC2P3,0.33333333333333337,0.36363636363636365
HCFC1,ZNF292,0.8,0.8
CUL9,HDAC2,0.33333333333333337,0.7142857142857143
CNOT1,HSD17B7P2,0.3,0.06521739130434784
PCDHAC2,PCSK4,0.2727272727272727,0.6666666666666667
SCN9A,USP11,0.33333333333333337,0.8
MUC6,PCDH19,0.5,0.5384615384615384
BIRC6,CIITA,0.5,0.6666666666666667
ITIH6,ITSN1,0.6666666666666667,0.5
CD46,F5,0.5,0.33333333333333337
ZNF208,ZNF860,0.4,0.6666666666666667
HSD17B7P2,HSPG2,0.7058823529411764,0.6
C9orf84,MUC5B,0.5,0.7619047619047619
FLG,MS4A14,0.16666666666666663,0.6666666666666667
CATSPER4,HLA-A,0.5,0.7142857142857143
MUC16,RP11-1166P10.6,0.7241379310344828,0.6923076923076923
GALC,RRN3P1,0.5,0.6
CDKN2A,PTCHD4,0.33333333333333337,0.8
ABCA7,EFCAB12,0.4285714285714286,0.5
STK10,ZDBF2,0.33333333333333337,0.25
COL7A1,FER1L6,0.33333333333333337,0.5
PLCG1,SCFD1,0.16666666666666663,0.5
MYH2,SPDEF,0.33333333333333337,0.5
PLCG2,POLDIP2,0.5,0.6666666666666667
USP25,WNK2,0.5,0.5
NDST1,PIK3R1,0.5,0.2857142857142857
DOCK2,RBM19,0.25,0.5
BCLAF1,ITGAD,0.5,0.5
BEND2,CACNA2D2,0.33333333333333337,0.5
NOS1,VIL1,0.19999999999999996,0.6666666666666667
AADACL4,ATP6V0A4,0.19999999999999996,0.5
GSK3B,MST1L,0.5,0.8571428571428572
KNDC1,TRAPPC12,0.33333333333333337,0.5
ARHGEF5,HMCN1,0.6666666666666667,0.5833333333333333
CASR,SERPINB3,0.8,0.6
CSH2,SCN3A,0.5,0.6666666666666667
CIC,KNDC1,0.9259259259259259,0.5
CNTN6,PKHD1,0.4,0.25
CELSR1,DNAJC13,0.5,0.5
LRRC4C,MYH2,0.6666666666666667,0.4
FBN2,ZNF91,0.19999999999999996,0.6666666666666667
FXR2,LL22NC03-80A10.6,0.75,0.75
HTR3A,NF1,0.16666666666666663,0.5714285714285714
