X var,Y var,MIC (strength),MIC-p^2 (nonlinearity),MAS (non-monotonicity),MEV (functionality),MCN (complexity),Linear regression (p)
IL-6 (pg/ml),HGF (pg/ml),0.62549,0.43122518,0.15742004,0.62549,3.0,0.44075486
TGFa (pg/ml),HE4 (pg/ml),0.5764,0.57582533,0.20500997,0.5764,3.0,0.023971464
Myeloperoxidase (ng/ml),Galectin-3 (ng/ml),0.56927,0.39207548,0.0677,0.56927,3.0,0.4209448
HGF (pg/ml),CD44 (ng/ml),0.56904,0.54999936,0.3854,0.56904,3.0,-0.13798787
OPN (pg/ml),Angiopoietin-2 (pg/ml),0.54714,0.47541434,0.20769,0.54714,3.0,0.2678165
TIMP-1 (pg/ml),GDF15 (ng/ml),0.50405,0.13677204,0.008670002,0.50405,3.0,0.60603464
Mesothelin (ng/ml),CD44 (ng/ml),0.50394,0.08902365,0.092889994,0.50394,3.0,0.64414
TIMP-1 (pg/ml),OPN (pg/ml),0.49482,0.27352762,0.054100007,0.49482,3.0,0.47041723
IL-6 (pg/ml),G-CSF (pg/ml),0.49397,0.04667929,0.007440001,0.49397,2.5849626,0.66879797
TIMP-1 (pg/ml),IL-6 (pg/ml),0.47429,0.2682762,0.0133600235,0.47429,3.0,0.45388743
Myeloperoxidase (ng/ml),IL-6 (pg/ml),0.46705,0.2587473,0.084719986,0.46705,3.0,0.45640188
sHER2/sEGFR2/sErbB2 (pg/ml),Kallikrein-6 (pg/ml),0.46203,0.2052719,0.08724001,0.46203,3.0,0.50671303
Endoglin (pg/ml),CD44 (ng/ml),0.46201,0.3046033,0.16632,0.46201,3.0,0.39674512
TIMP-1 (pg/ml),Thrombospondin-2 (pg/ml),0.45551,0.22994187,0.17644998,0.45551,3.0,0.47494012
TGFa (pg/ml),sPECAM-1 (pg/ml),0.44976,0.43459877,0.19262,0.44976,3.0,0.12313094
Mesothelin (ng/ml),CA 15-3 (U/ml),0.44705,0.4438702,0.14118999,0.44705,3.0,0.056389906
Mesothelin (ng/ml),FGF2 (pg/ml),0.44682,0.35451627,0.15213999,0.44682,3.0,-0.3038153
sFas (pg/ml),AXL (pg/ml),0.44511,0.37552747,0.21226999,0.44511,3.0,0.26378497
IL-8 (pg/ml),HGF (pg/ml),0.44168,0.44137353,0.07681,0.44168,3.0,0.017506504
NSE (ng/ml),DKK1 (ng/ml),0.44019,0.30820608,0.15557,0.44019,3.0,0.3632959
TGFa (pg/ml),CA19-9 (U/ml),0.44009,0.43979385,0.043579996,0.44009,3.0,-0.01720885
sFas (pg/ml),OPN (pg/ml),0.43993,0.32922268,0.16988,0.43993,3.0,0.3327271
Prolactin (pg/ml),IL-6 (pg/ml),0.43775,0.32919958,0.19175,0.43775,3.0,-0.32946992
TIMP-1 (pg/ml),CYFRA 21-1 (pg/ml),0.43773,0.4241094,0.20254001,0.43773,3.0,0.116707444
sHER2/sEGFR2/sErbB2 (pg/ml),sEGFR (pg/ml),0.43653,0.21039985,0.122779995,0.43653,3.0,0.47553143
G-CSF (pg/ml),Follistatin (pg/ml),0.4365,0.40732282,0.15237,0.4365,3.0,-0.17081329
Midkine (pg/ml),Angiopoietin-2 (pg/ml),0.42967,0.42412022,0.112749994,0.42967,3.0,0.07449699
PAR (pg/ml),DKK1 (ng/ml),0.42666,0.26328135,0.16438001,0.42666,3.0,0.40420127
Mesothelin (ng/ml),Follistatin (pg/ml),0.42519,0.3633856,0.2136,0.42519,3.0,0.24860494
Endoglin (pg/ml),CA 15-3 (U/ml),0.42372,0.42129713,0.14660001,0.42372,3.0,0.049222533
NSE (ng/ml),CEA (pg/ml),0.42334,0.37507352,0.04626,0.42334,3.0,0.2196963
HGF (pg/ml),CYFRA 21-1 (pg/ml),0.42318,0.34899405,0.16493002,0.42318,3.0,0.272371
Myeloperoxidase (ng/ml),HGF (pg/ml),0.42225,0.31640613,0.048480004,0.42225,2.5849626,0.32533658
HE4 (pg/ml),CA19-9 (U/ml),0.42224,0.37776965,0.068370014,0.42224,3.0,0.21087994
TIMP-1 (pg/ml),OPG (ng/ml),0.42204,0.37389195,0.09884,0.42204,3.0,0.2194266
GDF15 (ng/ml),Angiopoietin-2 (pg/ml),0.42098,0.21038935,0.17401999,0.42098,3.0,0.45890158
Kallikrein-6 (pg/ml),CD44 (ng/ml),0.41698,0.037713796,0.07890001,0.41698,3.0,0.6158459
TIMP-1 (pg/ml),FGF2 (pg/ml),0.41115,0.3613977,0.25774002,0.41115,3.0,-0.22305225
Thrombospondin-2 (pg/ml),IL-8 (pg/ml),0.40819,0.39742005,0.13122,0.40819,3.0,-0.103778385
HE4 (pg/ml),CA-125 (U/ml),0.40788,0.40780142,0.041689992,0.32108,3.169925,-0.008864404
TGFa (pg/ml),HGF (pg/ml),0.4064,-0.29671416,0.0818,0.4064,3.0,0.83851904
TIMP-1 (pg/ml),Follistatin (pg/ml),0.40336,0.40128297,0.23017001,0.40336,3.0,-0.045574706
CYFRA 21-1 (pg/ml),CA19-9 (U/ml),0.40169,0.38998994,0.11895001,0.40169,3.0,0.108166866
sPECAM-1 (pg/ml),Angiopoietin-2 (pg/ml),0.39992,0.28091058,0.12884,0.39992,2.5849626,0.3449774
PAR (pg/ml),IL-6 (pg/ml),0.39911,0.395946,0.16064999,0.39911,3.0,-0.05624935
TIMP-2 (pg/ml),AXL (pg/ml),0.39571,0.21500883,0.11914,0.39571,3.0,0.4250896
OPN (pg/ml),Endoglin (pg/ml),0.39484,0.31637013,0.15984,0.39484,3.0,-0.28012472
Thrombospondin-2 (pg/ml),Angiopoietin-2 (pg/ml),0.39298,0.25121096,0.06400001,0.39298,3.0,0.3765223
FGF2 (pg/ml),DKK1 (ng/ml),0.39264,0.3711019,0.16429,0.39264,3.0,-0.14675868
NSE (ng/ml),Myeloperoxidase (ng/ml),0.39248,-0.040827572,0.12601,0.39248,3.0,0.658261
TGFa (pg/ml),IL-6 (pg/ml),0.39018,0.3350802,0.109999985,0.39018,3.0,0.2347334
Myeloperoxidase (ng/ml),Kallikrein-6 (pg/ml),0.38811,0.35743716,0.16483998,0.38811,3.0,-0.17513663
IL-8 (pg/ml),IL-6 (pg/ml),0.38746,0.38381186,0.105529994,0.38746,3.0,-0.060399786
OPN (pg/ml),Galectin-3 (ng/ml),0.38739,0.38694328,0.2311,0.38739,3.0,0.021135716
HE4 (pg/ml),FGF2 (pg/ml),0.38692,0.338433,0.039409995,0.38692,3.0,0.22019766
Thrombospondin-2 (pg/ml),HGF (pg/ml),0.38625,0.27542812,0.067199975,0.38625,3.0,0.3328992
OPG (ng/ml),IL-8 (pg/ml),0.38487,0.38453344,0.13130002,0.38487,3.0,-0.01834587
sPECAM-1 (pg/ml),HGF (pg/ml),0.3848,0.3293224,0.033800006,0.3848,3.0,0.23553683
sPECAM-1 (pg/ml),NSE (ng/ml),0.38437,0.38232133,0.17561,0.38437,3.0,-0.0452624
G-CSF (pg/ml),Endoglin (pg/ml),0.38385,0.38189945,0.12157002,0.38385,3.0,-0.044165213
sEGFR (pg/ml),DKK1 (ng/ml),0.38078,0.27426478,0.14753,0.38078,3.0,0.32636672
AXL (pg/ml),Angiopoietin-2 (pg/ml),0.37872,0.3667268,0.15010999,0.37872,3.0,0.10951348
Mesothelin (ng/ml),Kallikrein-6 (pg/ml),0.37505,0.13902992,0.12905,0.37505,3.0,0.48581898
Mesothelin (ng/ml),Endoglin (pg/ml),0.37388,0.29550064,0.10542999,0.37388,3.0,0.27996317
OPN (pg/ml),FGF2 (pg/ml),0.37388,0.37234145,0.16254,0.37388,3.0,-0.039224286
OPN (pg/ml),CYFRA 21-1 (pg/ml),0.3733,0.3564037,0.06456998,0.3733,3.0,0.12998565
sPECAM-1 (pg/ml),sFas (pg/ml),0.37328,0.34006375,0.034919977,0.37328,3.0,0.18225326
TIMP-1 (pg/ml),HGF (pg/ml),0.36872,0.31318367,0.106499985,0.36872,3.0,0.23566149
NSE (ng/ml),Galectin-3 (ng/ml),0.36709,0.32057,0.10062,0.36709,3.0,0.21568497
G-CSF (pg/ml),CEA (pg/ml),0.3658,0.24082695,0.094359994,0.3658,3.0,0.35351527
OPN (pg/ml),HGF (pg/ml),0.36371,0.33140653,0.06724,0.36371,2.5849626,0.17973159
IL-8 (pg/ml),Angiopoietin-2 (pg/ml),0.36362,0.3633649,0.093870014,0.36362,3.0,-0.015972113
Myeloperoxidase (ng/ml),Endoglin (pg/ml),0.36274,0.13536546,0.08653,0.36274,3.0,-0.47683808
Midkine (pg/ml),GDF15 (ng/ml),0.36263,0.3180295,0.042490005,0.36263,3.0,0.21118836
HE4 (pg/ml),CEA (pg/ml),0.36143,0.35893714,0.09336999,0.36143,3.0,-0.049928438
Midkine (pg/ml),IL-8 (pg/ml),0.36086,0.35971802,0.034699976,0.36086,3.0,-0.033792906
Thrombospondin-2 (pg/ml),sPECAM-1 (pg/ml),0.36086,0.14632758,0.03305,0.36086,3.0,0.46317643
Myeloperoxidase (ng/ml),Angiopoietin-2 (pg/ml),0.36084,0.36071208,0.14426999,0.36084,3.0,-0.011309564
Prolactin (pg/ml),CA19-9 (U/ml),0.35941,0.3489336,0.12603998,0.35941,3.0,-0.10235415
Mesothelin (ng/ml),CYFRA 21-1 (pg/ml),0.3582,0.35653087,0.13425002,0.3582,3.0,-0.04085525
Prolactin (pg/ml),CD44 (ng/ml),0.35719,0.35653064,0.17893001,0.35719,3.0,-0.025678368
TGFa (pg/ml),FGF2 (pg/ml),0.35648,0.25057814,0.10075,0.35648,3.0,0.32542565
IL-6 (pg/ml),CYFRA 21-1 (pg/ml),0.35606,0.32000896,0.19468,0.35606,3.0,0.18987113
sPECAM-1 (pg/ml),DKK1 (ng/ml),0.35605,0.33894312,0.11531001,0.35605,3.0,0.13079335
OPN (pg/ml),Myeloperoxidase (ng/ml),0.35577,0.2466697,0.020010024,0.35577,3.0,0.33030334
TIMP-2 (pg/ml),DKK1 (ng/ml),0.35551,0.35397243,0.18530999,0.35551,3.0,-0.039211728
sFas (pg/ml),HE4 (pg/ml),0.35518,0.2315562,0.09375,0.35518,3.0,0.35160175
CD44 (ng/ml),AXL (pg/ml),0.35358,0.27777937,0.085920006,0.35358,3.0,0.27531913
Galectin-3 (ng/ml),DKK1 (ng/ml),0.3533,0.23227665,0.056800008,0.3533,3.0,0.34788412
TIMP-1 (pg/ml),Prolactin (pg/ml),0.35276,0.19247514,0.020050019,0.35276,3.0,-0.4003559
Galectin-3 (ng/ml),CYFRA 21-1 (pg/ml),0.35249,0.35221535,0.14372,0.35249,3.0,0.016573012
CA 15-3 (U/ml),AXL (pg/ml),0.3516,0.27833375,0.10775,0.3516,3.0,-0.2706774
PAR (pg/ml),GDF15 (ng/ml),0.35144,0.2989976,0.11761001,0.35144,3.0,0.22900304
TIMP-2 (pg/ml),TGFa (pg/ml),0.35112,0.34118176,0.16482,0.35112,3.0,0.099690795
OPG (ng/ml),CA 15-3 (U/ml),0.34974,0.34509462,0.07100001,0.34974,3.0,0.068156965
Thrombospondin-2 (pg/ml),sFas (pg/ml),0.34881,0.17763859,0.13760999,0.34881,3.0,0.41372865
Myeloperoxidase (ng/ml),CD44 (ng/ml),0.34837,0.3123544,0.06729999,0.34837,3.0,-0.18977776
Myeloperoxidase (ng/ml),G-CSF (pg/ml),0.34796,0.23182489,0.080280006,0.34796,2.5849626,0.340786
IL-8 (pg/ml),DKK1 (ng/ml),0.34755,0.34678042,0.073029995,0.34755,3.0,0.027741322
NSE (ng/ml),GDF15 (ng/ml),0.346,0.343894,0.14435999,0.346,3.0,-0.045890927
sPECAM-1 (pg/ml),sHER2/sEGFR2/sErbB2 (pg/ml),0.346,0.08227259,0.06047,0.346,3.0,0.51354396
PAR (pg/ml),OPG (ng/ml),0.34473,0.32145616,0.092280015,0.34473,3.0,0.15255761
IL-6 (pg/ml),FGF2 (pg/ml),0.34442,0.30445644,0.18141998,0.34442,3.0,-0.19990882
HGF (pg/ml),CA 15-3 (U/ml),0.34423,0.34197384,0.18035999,0.34423,3.0,-0.047498982
HE4 (pg/ml),CYFRA 21-1 (pg/ml),0.3438,0.3423356,0.14582,0.3438,2.5849626,0.038267486
Endoglin (pg/ml),Angiopoietin-2 (pg/ml),0.34309,0.30431882,0.051809996,0.34309,3.0,0.196904
Prolactin (pg/ml),OPG (ng/ml),0.34288,0.26289222,0.10655001,0.34288,3.0,-0.28282115
IL-6 (pg/ml),GDF15 (ng/ml),0.3425,0.32282883,0.09825,0.3425,3.0,0.14025398
TGFa (pg/ml),IL-8 (pg/ml),0.34198,0.34115127,0.10505001,0.34198,3.0,0.028787963
TIMP-2 (pg/ml),OPG (ng/ml),0.34173,0.32250917,0.12548,0.34173,3.0,0.13863924
sEGFR (pg/ml),IL-8 (pg/ml),0.34162,0.3415396,0.06334001,0.34162,3.0,-0.008967367
OPN (pg/ml),IL-6 (pg/ml),0.33933,0.17425734,0.04797998,0.33933,3.0,0.40629134
sPECAM-1 (pg/ml),sEGFR (pg/ml),0.33911,0.30619225,0.12281999,0.33911,3.0,0.18143243
sHER2/sEGFR2/sErbB2 (pg/ml),CD44 (ng/ml),0.33844,0.12690768,0.051340014,0.33844,3.0,0.45992643
Leptin (pg/ml),Galectin-3 (ng/ml),0.33835,0.33401236,0.12508,0.33835,3.0,-0.06586069
OPN (pg/ml),CD44 (ng/ml),0.33774,0.33700487,0.053849995,0.33774,3.0,-0.027113287
OPG (ng/ml),HGF (pg/ml),0.33735,0.29047215,0.09448001,0.33735,3.0,0.21651296
TIMP-2 (pg/ml),G-CSF (pg/ml),0.33557,0.20547993,0.09711,0.33557,3.0,-0.36068
CYFRA 21-1 (pg/ml),CEA (pg/ml),0.33476,0.33351555,0.06392999,0.33476,3.0,-0.03527697
TGFa (pg/ml),CA 15-3 (U/ml),0.33129,0.28291348,0.106120005,0.33129,3.0,0.21994668
GDF15 (ng/ml),CYFRA 21-1 (pg/ml),0.32951,0.3162833,0.07078999,0.32951,3.0,0.11500742
Thrombospondin-2 (pg/ml),Leptin (pg/ml),0.32945,0.30416405,0.14788002,0.32945,3.0,0.15901557
sFas (pg/ml),Galectin-3 (ng/ml),0.32839,0.299488,0.12672,0.32839,3.0,-0.17000584
CA19-9 (U/ml),CA 15-3 (U/ml),0.32804,0.30927002,0.12872,0.32804,3.0,0.13700354
Myeloperoxidase (ng/ml),IL-8 (pg/ml),0.32769,0.31776807,0.065050006,0.32769,3.0,0.09960887
CA 15-3 (U/ml),AFP (pg/ml),0.32747,0.29613456,0.10609001,0.32747,3.0,-0.17701817
sHER2/sEGFR2/sErbB2 (pg/ml),Mesothelin (ng/ml),0.32695,0.23995869,0.124320015,0.32695,3.0,0.29494292
IL-6 (pg/ml),CA19-9 (U/ml),0.3262,0.31942767,0.04035002,0.3262,3.0,-0.08229421
Mesothelin (ng/ml),AFP (pg/ml),0.32611,0.27720857,0.021039993,0.32611,3.0,-0.22113666
TIMP-2 (pg/ml),FGF2 (pg/ml),0.326,0.31473702,0.09274,0.326,3.0,-0.10612725
OPG (ng/ml),DKK1 (ng/ml),0.32588,0.3228079,0.052540004,0.32588,3.0,-0.055426434
sHER2/sEGFR2/sErbB2 (pg/ml),IL-6 (pg/ml),0.32588,0.32402918,0.16682999,0.32588,3.0,0.04302095
NSE (ng/ml),CD44 (ng/ml),0.32488,0.2933943,0.13042,0.32488,3.0,-0.17744209
TIMP-1 (pg/ml),Kallikrein-6 (pg/ml),0.32462,0.324363,0.12565,0.32462,3.0,-0.016031517
TGFa (pg/ml),Myeloperoxidase (ng/ml),0.32457,0.28464296,0.0493,0.32457,3.0,0.19981751
TIMP-2 (pg/ml),TIMP-1 (pg/ml),0.3241,0.1314378,0.121959984,0.3241,2.5849626,0.438933
OPG (ng/ml),GDF15 (ng/ml),0.32381,0.31167525,0.03785999,0.32381,3.0,0.11015791
Midkine (pg/ml),CD44 (ng/ml),0.32308,0.21436569,0.09904,0.32308,3.0,0.32971853
TIMP-1 (pg/ml),IL-8 (pg/ml),0.32212,0.31241605,0.059900016,0.32212,3.0,-0.098508686
OPN (pg/ml),Mesothelin (ng/ml),0.32173,0.32142085,0.14412,0.32173,3.0,-0.017582376
Thrombospondin-2 (pg/ml),IL-6 (pg/ml),0.32169,0.270796,0.123189986,0.32169,3.0,0.22559693
sPECAM-1 (pg/ml),Galectin-3 (ng/ml),0.32167,0.32145244,0.04953,0.32167,3.0,-0.014749586
sEGFR (pg/ml),Mesothelin (ng/ml),0.32159,0.18681215,0.09334001,0.32159,3.0,0.36712104
sFas (pg/ml),Mesothelin (ng/ml),0.32146,0.28447846,0.12649001,0.32146,3.0,0.1923059
TIMP-2 (pg/ml),Midkine (pg/ml),0.32094,0.037498713,0.076419994,0.32094,3.0,0.532392
SHBG (nM),CD44 (ng/ml),0.3204,0.31542307,0.04065001,0.3204,3.0,-0.07054727
Endoglin (pg/ml),AXL (pg/ml),0.32036,0.2850963,0.028390005,0.32036,3.0,-0.18778633
sFas (pg/ml),CA-125 (U/ml),0.32015,0.3145486,0.11793001,0.32015,3.0,-0.07484238
CEA (pg/ml),Angiopoietin-2 (pg/ml),0.31959,0.2897294,0.13863,0.31959,3.0,-0.17280228
sEGFR (pg/ml),AFP (pg/ml),0.31959,0.3031861,0.12955,0.31959,3.0,-0.12807775
TIMP-2 (pg/ml),Galectin-3 (ng/ml),0.31959,0.27813008,0.10397999,0.31959,3.0,-0.20361708
CYFRA 21-1 (pg/ml),Angiopoietin-2 (pg/ml),0.31946,0.3111037,0.05928999,0.29957,3.169925,-0.09141287
sPECAM-1 (pg/ml),HE4 (pg/ml),0.31927,0.30708784,0.06452,0.31927,3.0,0.11037293
DKK1 (ng/ml),CYFRA 21-1 (pg/ml),0.31854,0.31777516,0.13697001,0.31854,3.0,-0.027655842
Endoglin (pg/ml),CA19-9 (U/ml),0.31818,0.31802985,0.12263,0.31818,3.0,0.012252795
IL-6 (pg/ml),CD44 (ng/ml),0.31818,0.29457596,0.06465,0.31818,3.0,-0.15363602
Midkine (pg/ml),Kallikrein-6 (pg/ml),0.31818,0.29668444,0.11408,0.31818,3.0,0.14661366
SHBG (nM),sFas (pg/ml),0.31818,0.31363982,0.09399,0.31818,3.0,-0.06738088
Leptin (pg/ml),CA19-9 (U/ml),0.3181,0.24346733,0.07455,0.3181,3.0,0.2731898
sPECAM-1 (pg/ml),CA-125 (U/ml),0.31759,0.31715223,0.06319,0.31759,3.0,0.020922603
Mesothelin (ng/ml),HGF (pg/ml),0.31687,0.27191558,0.058450013,0.31687,3.0,-0.21202455
G-CSF (pg/ml),DKK1 (ng/ml),0.31675,0.23209302,0.116659984,0.31675,3.0,0.2909587
OPG (ng/ml),Myeloperoxidase (ng/ml),0.3167,0.3149074,0.10092001,0.3167,3.0,0.042339265
FGF2 (pg/ml),AFP (pg/ml),0.31646,0.21537353,0.08584002,0.31646,3.0,0.317941
CA 15-3 (U/ml),CA-125 (U/ml),0.31611,-0.024728984,0.08690998,0.31611,3.0,0.58381414
PAR (pg/ml),IL-8 (pg/ml),0.31561,0.29323077,0.047209978,0.31561,3.0,0.14959687
sEGFR (pg/ml),Prolactin (pg/ml),0.31541,0.2725393,0.07763998,0.31541,3.0,-0.20705241
Thrombospondin-2 (pg/ml),OPG (ng/ml),0.31532,0.2586348,0.020400003,0.31532,3.0,0.23808652
sFas (pg/ml),sEGFR (pg/ml),0.31515,0.31500584,0.07270999,0.31515,3.0,-0.012006962
sFas (pg/ml),GDF15 (ng/ml),0.3148,0.15611541,0.058679998,0.3148,3.0,0.39835232
CEA (pg/ml),CA19-9 (U/ml),0.31426,0.31424695,0.07006,0.31426,3.0,0.00361425
Mesothelin (ng/ml),Angiopoietin-2 (pg/ml),0.31371,0.26485384,0.07356,0.31371,3.0,0.22103435
PAR (pg/ml),Leptin (pg/ml),0.31371,0.29639804,0.09784001,0.31371,3.0,0.13157488
IL-6 (pg/ml),HE4 (pg/ml),0.31366,0.31358343,0.07688999,0.31366,3.0,-0.008750317
CA19-9 (U/ml),AFP (pg/ml),0.31273,0.30054703,0.15347001,0.31273,3.0,-0.110376485
TGFa (pg/ml),Galectin-3 (ng/ml),0.31241,0.18563007,0.053990006,0.31241,3.0,0.3560617
HGF (pg/ml),AXL (pg/ml),0.31222,0.28476846,0.074829996,0.31222,3.0,0.16568506
Thrombospondin-2 (pg/ml),sHER2/sEGFR2/sErbB2 (pg/ml),0.31204,0.19810823,0.16877,0.31204,3.0,0.33753783
CYFRA 21-1 (pg/ml),AFP (pg/ml),0.31197,0.30983594,0.10458,0.31197,3.0,-0.04619575
sEGFR (pg/ml),FGF2 (pg/ml),0.31164,0.23791093,0.08495,0.31164,3.0,-0.271531
sHER2/sEGFR2/sErbB2 (pg/ml),CA19-9 (U/ml),0.31129,0.27163613,0.12877,0.31129,3.0,-0.19913277
sEGFR (pg/ml),OPN (pg/ml),0.31127,0.30993417,0.09718999,0.31127,3.0,-0.036549017
TIMP-2 (pg/ml),CYFRA 21-1 (pg/ml),0.31087,0.24135187,0.0564,0.31087,3.0,0.2636629
TGFa (pg/ml),CYFRA 21-1 (pg/ml),0.31074,0.025948584,0.05598998,0.31074,3.0,0.5336585
OPN (pg/ml),GDF15 (ng/ml),0.31061,0.14193554,0.023139998,0.31061,3.0,0.41069996
IL-8 (pg/ml),Follistatin (pg/ml),0.31055,0.26303825,0.15859,0.31055,3.0,-0.21797194
TIMP-1 (pg/ml),Endoglin (pg/ml),0.31015,0.22353855,0.06431,0.31015,3.0,-0.29429823
Myeloperoxidase (ng/ml),Midkine (pg/ml),0.30966,0.3032741,0.14139,0.30966,3.0,-0.07991177
TIMP-2 (pg/ml),Endoglin (pg/ml),0.30894,0.29597345,0.14506999,0.30894,3.0,0.11387076
TGFa (pg/ml),Prolactin (pg/ml),0.30889,0.28687465,0.12795001,0.30889,3.0,-0.14837572
Thrombospondin-2 (pg/ml),TGFa (pg/ml),0.30888,0.26787692,0.08359,0.30888,3.0,0.20249215
OPN (pg/ml),Follistatin (pg/ml),0.30873,0.23492925,0.09878999,0.30873,3.0,-0.27166295
sFas (pg/ml),DKK1 (ng/ml),0.30873,0.2982647,0.10372001,0.30873,3.0,-0.10230008
TIMP-1 (pg/ml),Myeloperoxidase (ng/ml),0.30867,0.28744715,0.018670008,0.30867,3.0,0.14568068
HGF (pg/ml),CA19-9 (U/ml),0.30806,0.30546924,0.10456999,0.30806,3.0,-0.050899234
Follistatin (pg/ml),CD44 (ng/ml),0.30735,0.17969348,0.123789996,0.30735,3.0,0.35729054
Prolactin (pg/ml),PAR (pg/ml),0.30614,0.30444416,0.09650001,0.30614,3.0,-0.041180532
CA 15-3 (U/ml),Angiopoietin-2 (pg/ml),0.30586,0.29141334,0.06322001,0.30586,3.0,-0.120194376
Myeloperoxidase (ng/ml),CA 15-3 (U/ml),0.30586,0.27453795,0.04583001,0.30586,3.0,-0.17698039
Leptin (pg/ml),CD44 (ng/ml),0.30574,0.29366764,0.07605,0.30574,3.0,-0.10987426
Myeloperoxidase (ng/ml),Mesothelin (ng/ml),0.30571,0.248712,0.014959991,0.30571,3.0,-0.23874252
TIMP-2 (pg/ml),Angiopoietin-2 (pg/ml),0.30531,0.3013187,0.17687002,0.30531,3.0,0.0631769
OPG (ng/ml),AFP (pg/ml),0.30529,0.24684761,0.11994001,0.30529,3.0,-0.24174862
Kallikrein-6 (pg/ml),IL-6 (pg/ml),0.30279,0.26343164,0.029139996,0.30279,3.0,-0.19838938
DKK1 (ng/ml),CA 15-3 (U/ml),0.3021,0.3007034,0.05426,0.3021,3.0,-0.037370957
IL-6 (pg/ml),Follistatin (pg/ml),0.30174,0.22479829,0.032580003,0.30174,3.0,-0.2773837
Kallikrein-6 (pg/ml),CYFRA 21-1 (pg/ml),0.30174,0.24960147,0.09920001,0.30174,3.0,-0.22833861
sHER2/sEGFR2/sErbB2 (pg/ml),Leptin (pg/ml),0.30159,0.28724095,0.08702999,0.30159,2.5849626,0.11978755
TGFa (pg/ml),Leptin (pg/ml),0.30159,0.2837372,0.08224,0.30159,3.0,0.13361426
IL-8 (pg/ml),CA 15-3 (U/ml),0.30113,0.30088997,0.08851999,0.30113,3.0,0.015492808
TIMP-1 (pg/ml),SHBG (nM),0.30113,0.2804947,0.08741,0.30113,3.0,-0.14364992
TGFa (pg/ml),CA-125 (U/ml),0.30086,0.29976064,0.12833999,0.30086,3.0,0.033156194
TIMP-1 (pg/ml),CEA (pg/ml),0.3007,0.2428398,0.08441001,0.3007,3.0,0.24054149
TIMP-2 (pg/ml),sHER2/sEGFR2/sErbB2 (pg/ml),0.30041,0.22944286,0.014809981,0.30041,3.0,0.26639658
sHER2/sEGFR2/sErbB2 (pg/ml),sFas (pg/ml),0.30036,0.28545693,0.092879996,0.30036,3.0,0.12207815
Kallikrein-6 (pg/ml),Galectin-3 (ng/ml),0.30022,0.28971496,0.07124001,0.30022,3.0,-0.10249414
TIMP-2 (pg/ml),CA-125 (U/ml),0.30022,0.2919736,0.121240005,0.30022,3.0,-0.09080979
CEA (pg/ml),AXL (pg/ml),0.2997,0.29863384,0.070389986,0.2997,3.0,0.032651793
TGFa (pg/ml),NSE (ng/ml),0.29946,0.29917148,0.092399985,0.29946,3.0,-0.016985657
Galectin-3 (ng/ml),Angiopoietin-2 (pg/ml),0.29878,0.2725926,0.13872999,0.29878,3.0,-0.1618252
OPG (ng/ml),G-CSF (pg/ml),0.29873,0.29631257,0.114389986,0.29873,3.0,0.049167186
SHBG (nM),Angiopoietin-2 (pg/ml),0.29851,0.21996479,0.09834999,0.29851,3.0,-0.28025916
sEGFR (pg/ml),CYFRA 21-1 (pg/ml),0.29803,0.2805924,0.03409998,0.29803,3.0,-0.13205144
Follistatin (pg/ml),CA 15-3 (U/ml),0.29794,0.28523833,0.07066998,0.29794,3.0,0.11270161
Myeloperoxidase (ng/ml),Follistatin (pg/ml),0.2971,0.21533287,0.069560006,0.2971,3.0,-0.28594953
OPN (pg/ml),AFP (pg/ml),0.2969,0.29009128,0.04709001,0.2969,3.0,-0.082515046
sFas (pg/ml),CEA (pg/ml),0.29668,0.29485923,0.069350004,0.29668,3.0,-0.042670507
Mesothelin (ng/ml),AXL (pg/ml),0.29623,0.23652843,0.045729995,0.29623,3.0,0.24433903
CA19-9 (U/ml),Angiopoietin-2 (pg/ml),0.29621,0.29565036,0.034749985,0.29621,3.0,0.023656385
NSE (ng/ml),HGF (pg/ml),0.29598,0.2954974,0.112770006,0.29598,3.0,0.021968616
sEGFR (pg/ml),Leptin (pg/ml),0.29598,0.2945531,0.07473001,0.29598,3.0,-0.037774466
Thrombospondin-2 (pg/ml),Endoglin (pg/ml),0.29598,0.2726385,0.13106,0.29598,3.0,-0.15277924
CD44 (ng/ml),CA19-9 (U/ml),0.29574,0.29518297,0.14475001,0.29574,3.0,-0.023601897
Endoglin (pg/ml),CEA (pg/ml),0.29546,0.2949823,0.0152799785,0.29546,3.0,0.021855922
Myeloperoxidase (ng/ml),FGF2 (pg/ml),0.29544,0.26222372,0.0896,0.29544,3.0,0.18225327
TIMP-1 (pg/ml),Leptin (pg/ml),0.29499,0.29488933,0.04418999,0.29499,3.0,0.010033524
TIMP-1 (pg/ml),HE4 (pg/ml),0.29392,0.24127445,0.079500005,0.29392,3.0,0.22944622
CA-125 (U/ml),AXL (pg/ml),0.2934,0.29123074,0.088489994,0.2934,3.0,0.04657537
CYFRA 21-1 (pg/ml),CA-125 (U/ml),0.29297,0.288766,0.06929,0.29297,3.0,-0.06483839
Midkine (pg/ml),Galectin-3 (ng/ml),0.29284,0.2735633,0.09866001,0.29284,3.0,-0.13884054
Mesothelin (ng/ml),G-CSF (pg/ml),0.29251,0.24890298,0.060870007,0.29251,3.0,-0.20882297
sHER2/sEGFR2/sErbB2 (pg/ml),Midkine (pg/ml),0.292,0.21416861,0.035520002,0.292,3.0,0.2789828
Leptin (pg/ml),IL-8 (pg/ml),0.29176,0.28972438,0.047509998,0.29176,3.0,0.045117795
GDF15 (ng/ml),G-CSF (pg/ml),0.29158,0.27651918,0.075289994,0.29158,3.0,-0.12272248
Follistatin (pg/ml),CEA (pg/ml),0.29138,0.27136353,0.10386999,0.29138,3.0,-0.14147955
Endoglin (pg/ml),CA-125 (U/ml),0.29135,0.28836063,0.07986,0.29135,3.0,0.05467532
FGF2 (pg/ml),Angiopoietin-2 (pg/ml),0.29128,0.28578737,0.14281,0.29128,3.0,-0.074112184
Midkine (pg/ml),AXL (pg/ml),0.29128,0.031307906,0.09433,0.29128,3.0,0.5098746
OPN (pg/ml),CA-125 (U/ml),0.29128,0.28609923,0.15602,0.29128,3.0,0.07197756
Thrombospondin-2 (pg/ml),OPN (pg/ml),0.29076,0.010392219,0.037269995,0.29076,3.0,0.5294977
Kallikrein-6 (pg/ml),Endoglin (pg/ml),0.29075,0.2376022,0.09657,0.29075,3.0,0.23053806
Mesothelin (ng/ml),IL-6 (pg/ml),0.29075,0.2771544,0.14291,0.29075,3.0,-0.11660021
NSE (ng/ml),CA-125 (U/ml),0.29075,0.25440046,0.07933,0.29075,3.0,0.19065554
Myeloperoxidase (ng/ml),CYFRA 21-1 (pg/ml),0.29031,0.24058296,0.046919987,0.29031,3.0,0.22299561
Kallikrein-6 (pg/ml),GDF15 (ng/ml),0.28892,0.28878874,0.07325998,0.28892,3.0,0.011456828
SHBG (nM),CEA (pg/ml),0.28883,0.2885628,0.090550005,0.28883,3.0,-0.01634679
sHER2/sEGFR2/sErbB2 (pg/ml),OPG (ng/ml),0.28863,0.21438472,0.05508001,0.28863,3.0,0.2724799
sFas (pg/ml),FGF2 (pg/ml),0.28848,0.088552326,0.03212002,0.28848,3.0,0.44713274
Follistatin (pg/ml),Endoglin (pg/ml),0.28684,0.21486786,0.06387,0.28684,3.0,0.2682762
Prolactin (pg/ml),NSE (ng/ml),0.28679,0.2608006,0.109989986,0.28679,3.0,0.16121235
sFas (pg/ml),Angiopoietin-2 (pg/ml),0.28679,0.24164107,0.036719993,0.28679,3.0,0.21248278
SHBG (nM),FGF2 (pg/ml),0.28585,0.2818736,0.02978,0.28585,3.0,-0.06305852
OPG (ng/ml),Mesothelin (ng/ml),0.28561,0.10434745,0.03683999,0.28561,3.0,0.4257494
TGFa (pg/ml),Follistatin (pg/ml),0.28524,0.27968955,0.12454,0.28524,3.0,0.0745014
sHER2/sEGFR2/sErbB2 (pg/ml),DKK1 (ng/ml),0.285,0.2840025,0.14453,0.285,3.0,-0.031582892
OPG (ng/ml),IL-6 (pg/ml),0.28452,0.21750288,0.079349995,0.28452,3.0,0.25887665
TIMP-2 (pg/ml),Follistatin (pg/ml),0.28402,0.16623181,0.03272,0.28402,3.0,0.34320286
TIMP-1 (pg/ml),DKK1 (ng/ml),0.28389,0.26047072,0.07655001,0.28389,3.0,0.15303363
TIMP-2 (pg/ml),sFas (pg/ml),0.28366,0.1990951,0.021200001,0.28366,3.0,0.29080045
HGF (pg/ml),GDF15 (ng/ml),0.28314,0.27544656,0.12828,0.28314,3.0,0.0877122
Endoglin (pg/ml),AFP (pg/ml),0.28287,0.2743598,0.123339996,0.28287,3.0,-0.09225077
sEGFR (pg/ml),HE4 (pg/ml),0.28285,0.24939409,0.12595,0.28285,3.0,-0.18290956
sPECAM-1 (pg/ml),Myeloperoxidase (ng/ml),0.28231,0.25505453,0.05809,0.28231,3.0,0.16509229
Midkine (pg/ml),CA19-9 (U/ml),0.28192,0.28147697,0.07898998,0.28192,3.0,0.021047777
GDF15 (ng/ml),CEA (pg/ml),0.28172,0.2811826,0.09699002,0.28172,3.0,-0.023182565
OPN (pg/ml),Midkine (pg/ml),0.28136,0.28135565,0.092089996,0.28136,3.0,0.0020856
IL-6 (pg/ml),Endoglin (pg/ml),0.28099,0.22599329,0.058009997,0.28099,3.0,-0.23451379
PAR (pg/ml),OPN (pg/ml),0.28094,0.27841762,0.068179995,0.28094,3.0,0.05022334
TIMP-1 (pg/ml),NSE (ng/ml),0.28094,0.27912915,0.07187,0.28094,3.0,0.042554077
Leptin (pg/ml),GDF15 (ng/ml),0.28087,0.26615116,0.054179996,0.28087,3.0,0.121321216
sFas (pg/ml),NSE (ng/ml),0.28086,0.27528337,0.045550004,0.28086,3.0,0.07467695
Prolactin (pg/ml),GDF15 (ng/ml),0.28071,0.24639302,0.0028399974,0.28071,3.0,-0.18524843
NSE (ng/ml),Endoglin (pg/ml),0.28041,0.19182931,0.0756,0.28041,3.0,-0.29762506
TIMP-2 (pg/ml),CEA (pg/ml),0.28038,0.2741946,0.08433001,0.28038,3.0,-0.07864734
NSE (ng/ml),Midkine (pg/ml),0.27983,0.27982923,0.08926,0.27983,3.0,8.807308E-4
sEGFR (pg/ml),PAR (pg/ml),0.27983,0.19292189,0.0056200027,0.27983,3.0,0.29480183
Thrombospondin-2 (pg/ml),DKK1 (ng/ml),0.27936,0.2734981,0.10915999,0.27936,3.0,-0.07656317
Leptin (pg/ml),AXL (pg/ml),0.27932,0.26453733,0.074310005,0.27932,3.0,-0.12158393
PAR (pg/ml),NSE (ng/ml),0.27932,0.27916375,0.05912,0.27932,3.0,0.012499643
CD44 (ng/ml),Angiopoietin-2 (pg/ml),0.27914,0.22937056,0.05997999,0.27914,3.0,0.22309065
sHER2/sEGFR2/sErbB2 (pg/ml),IL-8 (pg/ml),0.2789,0.26926717,0.07626,0.2789,3.0,-0.09814697
sPECAM-1 (pg/ml),CEA (pg/ml),0.2789,0.2762789,0.074090004,0.2789,3.0,0.05119646
sFas (pg/ml),HGF (pg/ml),0.27887,0.26807806,0.046539992,0.27887,3.0,0.10388424
SHBG (nM),CA19-9 (U/ml),0.27871,0.27870813,0.074580014,0.27871,3.0,-0.0013714886
IL-8 (pg/ml),GDF15 (ng/ml),0.27828,0.2782166,0.04283999,0.27828,3.0,-0.007961564
CD44 (ng/ml),AFP (pg/ml),0.27772,0.27749005,0.054890007,0.27772,3.0,0.015164223
Follistatin (pg/ml),DKK1 (ng/ml),0.27731,0.27719757,0.10820001,0.27731,3.0,0.010603664
Myeloperoxidase (ng/ml),DKK1 (ng/ml),0.27726,0.21925883,0.084470004,0.27726,3.0,0.24083433
TGFa (pg/ml),AFP (pg/ml),0.27692,0.24264345,0.036099985,0.27692,3.0,0.18513928
sEGFR (pg/ml),IL-6 (pg/ml),0.27679,0.26369187,0.14918,0.27679,3.0,0.114447
GDF15 (ng/ml),FGF2 (pg/ml),0.27664,0.27005818,0.047979996,0.27664,3.0,0.08112844
Follistatin (pg/ml),CYFRA 21-1 (pg/ml),0.27655,0.21553631,0.04637,0.27655,3.0,0.24700949
HGF (pg/ml),CA-125 (U/ml),0.2765,0.27014196,0.087239996,0.2765,3.0,0.07973727
TGFa (pg/ml),Endoglin (pg/ml),0.27632,0.26746482,0.07650001,0.27632,3.0,-0.09410204
SHBG (nM),sEGFR (pg/ml),0.2763,0.25431964,0.09956001,0.2763,3.0,-0.14825782
HGF (pg/ml),G-CSF (pg/ml),0.27568,0.17320904,0.028120011,0.27568,3.0,0.32011086
sHER2/sEGFR2/sErbB2 (pg/ml),PAR (pg/ml),0.27529,0.24012195,0.11263001,0.27529,3.0,0.18753152
NSE (ng/ml),FGF2 (pg/ml),0.27507,0.24207203,0.06112002,0.27507,3.0,0.18165345
OPN (pg/ml),Kallikrein-6 (pg/ml),0.27505,0.2619078,0.056870013,0.27505,3.0,-0.114639536
HE4 (pg/ml),Angiopoietin-2 (pg/ml),0.27497,0.26445282,0.07176,0.27497,3.0,0.102553256
GDF15 (ng/ml),Follistatin (pg/ml),0.27477,0.2635914,0.076489985,0.27477,3.0,0.10572882
OPG (ng/ml),CEA (pg/ml),0.27477,0.27253455,0.099999994,0.27477,3.0,0.04728061
TIMP-2 (pg/ml),CD44 (ng/ml),0.27477,0.19806716,0.13667999,0.27477,3.0,0.27695277
Kallikrein-6 (pg/ml),CA-125 (U/ml),0.27452,0.2496031,0.036190003,0.27452,3.0,0.15785092
FGF2 (pg/ml),AXL (pg/ml),0.27447,0.26438498,0.06408,0.27447,3.0,-0.10042421
SHBG (nM),Endoglin (pg/ml),0.2743,0.27274027,0.10640999,0.2743,3.0,0.039493516
OPN (pg/ml),HE4 (pg/ml),0.27428,0.16922578,0.06436001,0.27428,3.0,0.3241207
sHER2/sEGFR2/sErbB2 (pg/ml),CEA (pg/ml),0.27425,0.254761,0.047189996,0.27425,3.0,0.13960294
HGF (pg/ml),HE4 (pg/ml),0.27417,0.26218912,0.029540017,0.27417,3.0,0.109457314
sEGFR (pg/ml),Kallikrein-6 (pg/ml),0.27417,0.17256305,0.026790008,0.27417,3.0,0.3187585
PAR (pg/ml),HGF (pg/ml),0.27397,0.27161586,0.07316001,0.27397,3.0,0.04851968
TIMP-1 (pg/ml),AXL (pg/ml),0.27371,0.19037062,0.015029997,0.27371,3.0,0.28868565
Leptin (pg/ml),CA 15-3 (U/ml),0.27334,0.27271795,0.045770004,0.21373,3.169925,0.024940683
CD44 (ng/ml),CA 15-3 (U/ml),0.2733,0.2571541,0.059569985,0.2733,3.0,-0.12706651
Thrombospondin-2 (pg/ml),Follistatin (pg/ml),0.27315,0.27310523,0.04406999,0.27315,3.0,0.006691419
Endoglin (pg/ml),CYFRA 21-1 (pg/ml),0.27307,0.26937738,0.046000004,0.27307,3.0,-0.060767032
FGF2 (pg/ml),Endoglin (pg/ml),0.27307,0.27058378,0.05711001,0.27307,3.0,-0.049862206
sFas (pg/ml),PAR (pg/ml),0.27306,0.26230314,0.12350999,0.27306,3.0,0.103715256
IL-8 (pg/ml),CD44 (ng/ml),0.27272,0.26531228,0.036529988,0.27272,3.0,-0.086068206
Leptin (pg/ml),IL-6 (pg/ml),0.27272,0.27020553,0.06092,0.27272,3.0,-0.050144747
TIMP-2 (pg/ml),Kallikrein-6 (pg/ml),0.27272,0.2529492,0.08361001,0.27272,3.0,0.14060864
Thrombospondin-2 (pg/ml),FGF2 (pg/ml),0.27247,0.27237964,0.076859996,0.27247,3.0,0.0095057
Leptin (pg/ml),Follistatin (pg/ml),0.27233,0.25948,0.02888,0.27233,3.0,-0.11335774
SHBG (nM),Galectin-3 (ng/ml),0.27165,0.22260064,0.10987,0.27165,3.0,-0.22147088
Thrombospondin-2 (pg/ml),AXL (pg/ml),0.27108,0.11319913,0.034239992,0.27108,3.0,0.39734223
Leptin (pg/ml),HE4 (pg/ml),0.27075,0.23587373,0.05837001,0.27075,3.0,0.18675187
TIMP-1 (pg/ml),CA19-9 (U/ml),0.27065,0.26748022,0.044379994,0.27065,3.0,0.056300875
TIMP-2 (pg/ml),IL-8 (pg/ml),0.27012,0.26296476,0.07277,0.27012,3.0,-0.08458868
sEGFR (pg/ml),G-CSF (pg/ml),0.27005,0.24446318,0.046009988,0.27005,3.0,0.1599588
SHBG (nM),HE4 (pg/ml),0.26908,0.24201715,0.04483001,0.26908,3.0,-0.16450796
CEA (pg/ml),CA-125 (U/ml),0.26901,-0.6904815,0.02429001,0.26901,3.0,0.97953635
sFas (pg/ml),Endoglin (pg/ml),0.26895,0.26884815,0.08305,0.26895,3.0,-0.010091137
Leptin (pg/ml),CEA (pg/ml),0.26884,0.26814428,0.03922999,0.26884,3.0,0.026376415
TIMP-1 (pg/ml),Angiopoietin-2 (pg/ml),0.26884,0.22338596,0.022500008,0.26884,3.0,0.21319951
sHER2/sEGFR2/sErbB2 (pg/ml),Follistatin (pg/ml),0.26845,0.22471003,0.11036,0.26845,3.0,0.209141
TGFa (pg/ml),AXL (pg/ml),0.26817,0.26386377,0.058139995,0.26817,3.0,0.06562188
CYFRA 21-1 (pg/ml),CD44 (ng/ml),0.26797,0.24417308,0.04997,0.26797,3.0,-0.15426251
OPN (pg/ml),CA19-9 (U/ml),0.26792,0.14125869,0.049319983,0.26792,3.0,0.35589507
HGF (pg/ml),Follistatin (pg/ml),0.26783,0.23636317,0.11980002,0.26783,3.0,-0.17738898
Kallikrein-6 (pg/ml),CA 15-3 (U/ml),0.2678,0.21561319,0.062680006,0.2678,3.0,0.22844434
Myeloperoxidase (ng/ml),CA-125 (U/ml),0.26772,0.26602754,0.036420003,0.26772,3.0,-0.041139755
SHBG (nM),IL-6 (pg/ml),0.26772,0.2527553,0.108190015,0.26772,3.0,-0.1223303
Kallikrein-6 (pg/ml),AFP (pg/ml),0.26753,0.26442975,0.028790012,0.26753,3.0,-0.055679936
Leptin (pg/ml),CA-125 (U/ml),0.26671,0.26614895,0.051840007,0.26671,3.0,0.023686681
Prolactin (pg/ml),CA-125 (U/ml),0.26608,0.25925082,0.124209985,0.26608,3.0,-0.08263872
sPECAM-1 (pg/ml),G-CSF (pg/ml),0.26606,0.24079292,0.06777999,0.26606,3.0,0.1589562
sEGFR (pg/ml),CA 15-3 (U/ml),0.26594,0.26491022,0.06421001,0.26594,3.0,0.032090362
OPG (ng/ml),CYFRA 21-1 (pg/ml),0.26565,0.21791665,0.057569996,0.26565,3.0,0.21847965
HGF (pg/ml),AFP (pg/ml),0.2656,0.22021818,0.10198,0.2656,3.0,0.21303007
sPECAM-1 (pg/ml),OPN (pg/ml),0.26549,0.23849377,0.081149995,0.26549,3.0,0.16430525
sFas (pg/ml),IL-8 (pg/ml),0.26527,0.26503965,0.06577,0.26527,3.0,-0.015177263
OPG (ng/ml),CA19-9 (U/ml),0.26522,0.26496646,0.05158998,0.26522,3.0,-0.015922615
sPECAM-1 (pg/ml),CA19-9 (U/ml),0.26515,0.22067863,0.026840016,0.26515,3.0,-0.21088238
OPN (pg/ml),DKK1 (ng/ml),0.26425,0.2638484,0.12908,0.26425,3.0,-0.02004018
TIMP-1 (pg/ml),Mesothelin (ng/ml),0.26411,0.20801565,0.058809996,0.26411,3.0,0.23684247
TIMP-1 (pg/ml),Midkine (pg/ml),0.26396,0.24523915,0.06602001,0.26396,3.0,0.13682418
HGF (pg/ml),Galectin-3 (ng/ml),0.26335,0.095924556,0.077810004,0.26335,3.0,0.40917656
HE4 (pg/ml),DKK1 (ng/ml),0.2629,0.2537891,0.03153999,0.2629,3.0,-0.09545095
sEGFR (pg/ml),CD44 (ng/ml),0.2629,0.17502677,0.07584,0.2629,3.0,0.29643416
SHBG (nM),GDF15 (ng/ml),0.2629,0.22253478,0.0801,0.2629,3.0,-0.20091096
sPECAM-1 (pg/ml),AFP (pg/ml),0.26247,0.22967725,0.06048,0.26247,3.0,0.18108773
CEA (pg/ml),CD44 (ng/ml),0.26246,0.25850284,0.097969994,0.26246,3.0,-0.06290598
PAR (pg/ml),G-CSF (pg/ml),0.26246,0.25776768,0.05123,0.26246,3.0,0.06850042
Prolactin (pg/ml),AXL (pg/ml),0.26246,0.2590212,0.10674,0.26246,3.0,-0.05864116
sHER2/sEGFR2/sErbB2 (pg/ml),AFP (pg/ml),0.26246,0.26143056,0.01862,0.26246,3.0,-0.03208468
sHER2/sEGFR2/sErbB2 (pg/ml),CA-125 (U/ml),0.26246,0.24747229,0.0528,0.26246,3.0,0.12242426
TGFa (pg/ml),PAR (pg/ml),0.26246,0.26153323,0.015589997,0.26246,3.0,-0.03044258
TIMP-1 (pg/ml),sEGFR (pg/ml),0.26246,0.16289607,0.007770002,0.26246,3.0,0.3155375
G-CSF (pg/ml),CD44 (ng/ml),0.26243,0.20594472,0.07249999,0.26243,3.0,-0.23766634
sFas (pg/ml),Prolactin (pg/ml),0.26243,0.24254487,0.053660005,0.26243,3.0,0.14101465
G-CSF (pg/ml),Galectin-3 (ng/ml),0.26149,0.24800622,0.043699995,0.26149,3.0,0.116119586
Thrombospondin-2 (pg/ml),CA-125 (U/ml),0.26149,0.26110524,0.011340007,0.26149,3.0,-0.019615037
NSE (ng/ml),Leptin (pg/ml),0.26115,0.2487679,0.10162,0.26115,2.5849626,-0.11127488
DKK1 (ng/ml),CA19-9 (U/ml),0.261,0.25093785,0.05204001,0.261,3.0,-0.100310355
DKK1 (ng/ml),CA-125 (U/ml),0.26098,0.23827879,0.055970013,0.26098,3.0,0.15066923
Mesothelin (ng/ml),DKK1 (ng/ml),0.26098,0.23422804,0.059130013,0.26098,3.0,0.16356029
Galectin-3 (ng/ml),Endoglin (pg/ml),0.26069,0.20834148,0.10111,0.26069,3.0,-0.22879802
Kallikrein-6 (pg/ml),HE4 (pg/ml),0.2606,0.26005,0.02914001,0.2606,3.0,-0.023452295
Midkine (pg/ml),Mesothelin (ng/ml),0.26049,0.11898324,0.07341999,0.26049,3.0,0.37617385
TIMP-2 (pg/ml),SHBG (nM),0.2602,0.25865278,0.043909997,0.2602,3.0,0.039334703
sHER2/sEGFR2/sErbB2 (pg/ml),HGF (pg/ml),0.25989,0.25979936,0.036989987,0.25989,3.0,0.00952041
sEGFR (pg/ml),Galectin-3 (ng/ml),0.25959,0.2579857,0.09964,0.25959,3.0,0.040053416
FGF2 (pg/ml),CYFRA 21-1 (pg/ml),0.25921,0.20024955,0.06209001,0.25921,3.0,0.24281771
Prolactin (pg/ml),Midkine (pg/ml),0.25901,0.22677642,0.023749992,0.25901,3.0,-0.17953709
sPECAM-1 (pg/ml),IL-8 (pg/ml),0.2586,0.2542504,8.600056E-4,0.2586,3.0,-0.06595132
G-CSF (pg/ml),CA 15-3 (U/ml),0.25794,0.23640169,0.052139997,0.25794,3.0,0.14675933
HE4 (pg/ml),Endoglin (pg/ml),0.25771,0.2501398,0.08275001,0.25771,3.0,-0.08700688
NSE (ng/ml),IL-6 (pg/ml),0.25688,0.17968026,0.059299998,0.25688,3.0,0.2778484
Prolactin (pg/ml),Follistatin (pg/ml),0.25688,0.2172388,0.042850003,0.25688,3.0,0.19910096
Midkine (pg/ml),FGF2 (pg/ml),0.25652,0.23895004,0.038750008,0.25652,3.0,-0.1325517
CA19-9 (U/ml),CA-125 (U/ml),0.25627,0.25626993,0.060849994,0.25627,3.0,-2.624023E-4
sPECAM-1 (pg/ml),Endoglin (pg/ml),0.25595,0.15467696,0.074990004,0.25595,3.0,0.31823426
TIMP-2 (pg/ml),Myeloperoxidase (ng/ml),0.25595,0.21587428,0.02080001,0.25595,3.0,-0.20018922
HGF (pg/ml),FGF2 (pg/ml),0.25588,0.21153632,0.07548,0.25588,3.0,0.2105794
sPECAM-1 (pg/ml),SHBG (nM),0.25562,0.1874058,0.040969998,0.25562,3.0,-0.2611785
Leptin (pg/ml),CYFRA 21-1 (pg/ml),0.25507,0.25300556,0.03118001,0.25507,3.0,0.045436025
sPECAM-1 (pg/ml),Kallikrein-6 (pg/ml),0.25507,0.25239784,0.025130004,0.25507,3.0,0.051693104
Follistatin (pg/ml),Angiopoietin-2 (pg/ml),0.25461,0.22164254,0.043909997,0.25461,3.0,0.18156946
OPN (pg/ml),AXL (pg/ml),0.25454,0.22382274,0.013829991,0.25454,3.0,0.1752634
Thrombospondin-2 (pg/ml),Myeloperoxidase (ng/ml),0.25454,0.19956824,0.027539998,0.25454,3.0,0.23446058
Galectin-3 (ng/ml),CA 15-3 (U/ml),0.25447,0.25258455,0.07082999,0.25447,3.0,0.043421805
HE4 (pg/ml),AFP (pg/ml),0.25447,0.23619248,0.010819986,0.25447,3.0,-0.13519435
Leptin (pg/ml),HGF (pg/ml),0.25447,0.18730909,0.10217999,0.25447,3.0,0.2591542
Mesothelin (ng/ml),CEA (pg/ml),0.25447,0.24924481,0.072359994,0.25447,3.0,0.07228545
sFas (pg/ml),Follistatin (pg/ml),0.25447,0.25259832,0.050620005,0.25447,3.0,0.04326293
sPECAM-1 (pg/ml),CYFRA 21-1 (pg/ml),0.25447,0.2372853,0.01828,0.25447,3.0,0.13109037
TGFa (pg/ml),DKK1 (ng/ml),0.25447,0.24977724,0.02161999,0.25447,3.0,0.06850361
TIMP-2 (pg/ml),sPECAM-1 (pg/ml),0.25447,0.2500981,0.038750008,0.25447,3.0,-0.066120245
Follistatin (pg/ml),CA19-9 (U/ml),0.25446,0.24393892,0.07466,0.25446,3.0,-0.10257232
sEGFR (pg/ml),Follistatin (pg/ml),0.25418,0.22602044,0.04542002,0.25418,3.0,0.16780815
sHER2/sEGFR2/sErbB2 (pg/ml),Angiopoietin-2 (pg/ml),0.25412,0.23638295,0.024749994,0.25412,3.0,0.13318048
Galectin-3 (ng/ml),CD44 (ng/ml),0.25392,0.21494734,0.06283,0.25392,3.0,-0.1974149
TGFa (pg/ml),OPG (ng/ml),0.25256,0.19898853,0.050109997,0.25256,3.0,0.23145512
SHBG (nM),CA-125 (U/ml),0.2512,0.24916238,0.114839986,0.2512,3.0,-0.045139905
sFas (pg/ml),Myeloperoxidase (ng/ml),0.25109,0.1945305,0.0054699928,0.25109,3.0,0.23782238
Midkine (pg/ml),DKK1 (ng/ml),0.25096,0.23082136,0.01428999,0.25096,3.0,0.14191067
sPECAM-1 (pg/ml),CA 15-3 (U/ml),0.25071,0.2473817,0.06616001,0.25071,3.0,-0.05769144
Mesothelin (ng/ml),GDF15 (ng/ml),0.2506,0.17383343,0.040590003,0.2506,3.0,0.27706784
OPG (ng/ml),Follistatin (pg/ml),0.25049,0.2490673,0.046969995,0.25049,3.0,0.03771871
OPG (ng/ml),Midkine (pg/ml),0.25049,0.25048795,0.06277001,0.25049,3.0,0.0014382047
Prolactin (pg/ml),FGF2 (pg/ml),0.25049,0.19817132,0.09531,0.25049,3.0,0.22873281
sPECAM-1 (pg/ml),Mesothelin (ng/ml),0.25049,0.24985152,0.029890016,0.25049,3.0,-0.025268232
G-CSF (pg/ml),Angiopoietin-2 (pg/ml),0.25014,0.19866979,0.053380013,0.25014,3.0,-0.22687049
HGF (pg/ml),CEA (pg/ml),0.25014,0.23753652,0.051350012,0.25014,3.0,0.112265274
Prolactin (pg/ml),HGF (pg/ml),0.25014,0.22593279,0.03940001,0.25014,3.0,-0.15558669
TIMP-2 (pg/ml),IL-6 (pg/ml),0.24959,0.23190433,0.09761,0.24959,3.0,-0.13298748
Leptin (pg/ml),Angiopoietin-2 (pg/ml),0.24958,0.24209942,0.06791,0.24958,3.0,0.08649031
PAR (pg/ml),CA-125 (U/ml),0.24934,0.248464,0.07913999,0.24934,3.0,0.029597184
PAR (pg/ml),Angiopoietin-2 (pg/ml),0.24909,0.14306962,0.06839,0.24909,2.5849626,0.32560772
sEGFR (pg/ml),Midkine (pg/ml),0.24824,0.23420799,0.044870004,0.24824,3.0,0.118456736
Thrombospondin-2 (pg/ml),Midkine (pg/ml),0.24824,0.24799909,0.049959987,0.24824,3.0,-0.015521255
TIMP-2 (pg/ml),Prolactin (pg/ml),0.2482,0.23552722,0.048449993,0.2482,3.0,-0.11257345
Kallikrein-6 (pg/ml),HGF (pg/ml),0.24803,0.18475847,0.04350999,0.24803,3.0,-0.25153834
Midkine (pg/ml),Endoglin (pg/ml),0.24803,0.23487163,0.030510008,0.24803,3.0,0.114709966
TIMP-1 (pg/ml),Galectin-3 (ng/ml),0.24803,0.24379355,0.06442,0.24803,3.0,0.065088145
IL-6 (pg/ml),CA 15-3 (U/ml),0.248,0.24798314,0.08412999,0.248,3.0,-0.0041057128
SHBG (nM),Kallikrein-6 (pg/ml),0.24784,0.235342,0.08335,0.24784,3.0,-0.11179452
SHBG (nM),Mesothelin (ng/ml),0.24742,0.22835578,0.055350006,0.24742,3.0,-0.13807325
FGF2 (pg/ml),CD44 (ng/ml),0.24739,0.21880692,0.021469995,0.24739,3.0,-0.16906531
Thrombospondin-2 (pg/ml),sEGFR (pg/ml),0.24738,0.23360114,0.024550006,0.24738,3.0,0.11738343
Myeloperoxidase (ng/ml),AFP (pg/ml),0.24699,0.13975033,0.0643,0.24699,3.0,0.32747468
TGFa (pg/ml),GDF15 (ng/ml),0.24687,0.22823906,0.034329996,0.24687,3.0,0.13649519
Galectin-3 (ng/ml),CA-125 (U/ml),0.24661,0.22293982,0.10852,0.24661,3.0,0.15385117
Prolactin (pg/ml),IL-8 (pg/ml),0.24646,0.20952952,0.062360004,0.24646,3.0,-0.19217306
HE4 (pg/ml),CA 15-3 (U/ml),0.24628,0.24502197,0.06996,0.24628,3.0,-0.035468824
TIMP-1 (pg/ml),CA 15-3 (U/ml),0.24606,0.22324303,0.0060800016,0.24606,3.0,0.15105289
Kallikrein-6 (pg/ml),DKK1 (ng/ml),0.246,0.23088129,0.045190006,0.246,3.0,0.122958206
Leptin (pg/ml),AFP (pg/ml),0.246,0.2430603,0.06396,0.246,3.0,0.054219056
PAR (pg/ml),Myeloperoxidase (ng/ml),0.24594,0.22873333,0.074609995,0.24594,3.0,0.13117422
sFas (pg/ml),CA19-9 (U/ml),0.24578,0.19454212,0.021050006,0.24578,3.0,0.22635786
sHER2/sEGFR2/sErbB2 (pg/ml),Myeloperoxidase (ng/ml),0.2455,0.24530457,0.0843,0.2455,3.0,0.013979711
Kallikrein-6 (pg/ml),Follistatin (pg/ml),0.24532,0.22124262,0.023180008,0.24532,3.0,0.15516888
PAR (pg/ml),CA 15-3 (U/ml),0.2453,0.18759976,0.08822,0.2453,3.0,-0.24020873
OPG (ng/ml),FGF2 (pg/ml),0.24523,0.21773458,0.0103600025,0.24523,3.0,-0.16581745
OPN (pg/ml),OPG (ng/ml),0.24523,0.2229444,0.07503,0.24523,3.0,0.14928366
sHER2/sEGFR2/sErbB2 (pg/ml),Prolactin (pg/ml),0.24479,0.22213954,0.019549996,0.24479,3.0,-0.15050073
IL-8 (pg/ml),G-CSF (pg/ml),0.24472,0.2286429,0.086160004,0.24472,3.0,-0.1267955
PAR (pg/ml),Midkine (pg/ml),0.24472,0.24184597,0.02602999,0.24472,3.0,-0.05361004
sEGFR (pg/ml),Myeloperoxidase (ng/ml),0.24472,0.2317927,0.030780002,0.24472,3.0,-0.11369824
SHBG (nM),AXL (pg/ml),0.24472,0.23724273,0.04621999,0.24472,3.0,-0.08647117
Thrombospondin-2 (pg/ml),CYFRA 21-1 (pg/ml),0.24472,0.1705738,0.07842,0.24472,3.0,0.27229798
TIMP-2 (pg/ml),AFP (pg/ml),0.24472,0.20895097,0.02843,0.24472,3.0,-0.18912701
TIMP-2 (pg/ml),OPN (pg/ml),0.24472,0.24224469,0.05743,0.24472,3.0,0.049752485
Prolactin (pg/ml),OPN (pg/ml),0.24452,0.14314412,0.05863999,0.24452,3.0,-0.3183958
Kallikrein-6 (pg/ml),AXL (pg/ml),0.24416,0.23716417,0.035400003,0.24416,3.0,0.0836411
OPN (pg/ml),CA 15-3 (U/ml),0.2437,0.23677759,0.06527999,0.2437,3.0,-0.08320106
sHER2/sEGFR2/sErbB2 (pg/ml),Endoglin (pg/ml),0.2437,0.1225313,0.017849997,0.2437,3.0,0.34809294
HE4 (pg/ml),G-CSF (pg/ml),0.24337,0.231183,0.12141,0.24337,3.0,-0.11039472
sEGFR (pg/ml),HGF (pg/ml),0.24325,0.23776497,0.0051700026,0.24325,3.0,-0.07406095
IL-8 (pg/ml),CA19-9 (U/ml),0.24292,0.024157971,0.08682999,0.24292,3.0,0.46772003
Thrombospondin-2 (pg/ml),Prolactin (pg/ml),0.24292,0.17829472,0.028359994,0.24292,3.0,-0.254215
CA19-9 (U/ml),AXL (pg/ml),0.24284,0.23224665,0.07921001,0.24284,3.0,-0.102924
sEGFR (pg/ml),Angiopoietin-2 (pg/ml),0.24157,0.22068185,0.07846999,0.24157,3.0,0.14452735
SHBG (nM),Follistatin (pg/ml),0.24157,0.24142018,0.08204,0.24157,3.0,-0.0122398725
TIMP-2 (pg/ml),HGF (pg/ml),0.24098,0.23892911,0.0873,0.24098,3.0,-0.045286782
SHBG (nM),PAR (pg/ml),0.24075,0.22983709,0.07687999,0.24075,3.0,-0.10446486
SHBG (nM),Midkine (pg/ml),0.24066,0.22866282,0.072230004,0.24066,3.0,0.10953162
NSE (ng/ml),CA 15-3 (U/ml),0.24041,0.23140594,0.05421999,0.24041,3.0,0.09488974
IL-8 (pg/ml),FGF2 (pg/ml),0.24009,0.17413267,0.05827999,0.24009,3.0,0.25682157
PAR (pg/ml),HE4 (pg/ml),0.23971,0.22630836,0.05008,0.23971,3.0,0.115765475
CA-125 (U/ml),Angiopoietin-2 (pg/ml),0.2395,0.2181535,0.063559994,0.2395,3.0,-0.14610441
Midkine (pg/ml),Follistatin (pg/ml),0.23946,0.21596251,0.02996999,0.23946,3.0,0.15328893
IL-8 (pg/ml),AFP (pg/ml),0.23942,0.20263109,0.04083,0.23942,3.0,0.19180433
sFas (pg/ml),AFP (pg/ml),0.23942,0.2226893,0.0049300045,0.23942,3.0,0.12934718
TIMP-1 (pg/ml),TGFa (pg/ml),0.23878,0.20824233,0.027759999,0.23878,3.0,0.17475036
Prolactin (pg/ml),Mesothelin (ng/ml),0.23857,0.16857946,0.032110006,0.23857,3.0,-0.26455724
Midkine (pg/ml),G-CSF (pg/ml),0.23853,0.23298775,0.100439996,0.23853,3.0,-0.07444629
GDF15 (ng/ml),AXL (pg/ml),0.23846,0.13063562,0.05213,0.23846,3.0,0.32836622
TIMP-2 (pg/ml),Mesothelin (ng/ml),0.23846,0.023831427,0.013129994,0.23846,3.0,0.46328023
Myeloperoxidase (ng/ml),CEA (pg/ml),0.23831,0.23819461,0.06641999,0.23831,3.0,-0.010741784
NSE (ng/ml),Follistatin (pg/ml),0.23831,0.18784896,0.03663999,0.23831,3.0,-0.22463536
OPG (ng/ml),CD44 (ng/ml),0.23831,0.2183184,0.101339996,0.23831,3.0,0.14139165
Prolactin (pg/ml),Endoglin (pg/ml),0.23811,0.23808546,0.03396,0.23811,3.0,0.0049541974
sHER2/sEGFR2/sErbB2 (pg/ml),CYFRA 21-1 (pg/ml),0.23808,0.23210073,0.09953,0.23808,3.0,0.077325754
NSE (ng/ml),CYFRA 21-1 (pg/ml),0.23807,0.2361187,0.07173,0.23807,3.0,0.044173434
CA-125 (U/ml),AFP (pg/ml),0.23776,0.22098553,0.07967001,0.23776,3.0,-0.12951629
Thrombospondin-2 (pg/ml),CA 15-3 (U/ml),0.23759,0.23370458,0.041989997,0.23759,3.0,-0.062333092
Mesothelin (ng/ml),Leptin (pg/ml),0.23755,0.2105786,0.048340008,0.23755,3.0,-0.16422974
Prolactin (pg/ml),CA 15-3 (U/ml),0.23755,0.21632043,0.004730001,0.23755,3.0,-0.14570373
Galectin-3 (ng/ml),AFP (pg/ml),0.23751,0.11635354,0.072239995,0.23751,3.0,0.34807536
Thrombospondin-2 (pg/ml),GDF15 (ng/ml),0.2374,0.004913226,0.021149993,0.2374,3.0,0.48216882
SHBG (nM),CYFRA 21-1 (pg/ml),0.23661,0.23444411,0.06092,0.23661,3.0,-0.04653911
sPECAM-1 (pg/ml),Prolactin (pg/ml),0.23645,0.2357382,0.036750004,0.23645,3.0,-0.026679525
Myeloperoxidase (ng/ml),Leptin (pg/ml),0.23633,0.22207463,0.08281,0.23633,3.0,-0.1193959
TGFa (pg/ml),Midkine (pg/ml),0.23588,0.23587608,0.05032,0.23588,3.0,0.0019786472
OPN (pg/ml),IL-8 (pg/ml),0.23577,0.20657992,0.027010009,0.23577,3.0,0.17085102
sHER2/sEGFR2/sErbB2 (pg/ml),G-CSF (pg/ml),0.23572,0.23016416,0.052289993,0.23572,3.0,0.07453751
TIMP-2 (pg/ml),sEGFR (pg/ml),0.23568,0.20642312,0.06457999,0.23568,3.0,0.17104644
Thrombospondin-2 (pg/ml),G-CSF (pg/ml),0.23559,0.23536156,0.012160003,0.23559,3.0,-0.015114079
Angiopoietin-2 (pg/ml),AFP (pg/ml),0.23552,0.21714377,0.06469001,0.23552,3.0,-0.13555898
DKK1 (ng/ml),CEA (pg/ml),0.23552,0.22937177,0.03602001,0.23552,3.0,0.0784107
Midkine (pg/ml),CYFRA 21-1 (pg/ml),0.23552,0.23387294,0.06622,0.23552,3.0,0.04058403
NSE (ng/ml),HE4 (pg/ml),0.23504,0.21490043,0.04914999,0.23504,3.0,-0.1419139
Midkine (pg/ml),CA 15-3 (U/ml),0.235,0.20842141,0.025099993,0.235,3.0,-0.16302942
OPN (pg/ml),Leptin (pg/ml),0.23498,0.23487338,0.02087,0.23498,3.0,0.010325663
OPG (ng/ml),HE4 (pg/ml),0.23471,0.22806716,0.07391,0.23471,3.0,0.08150356
sEGFR (pg/ml),CA19-9 (U/ml),0.23424,0.20794624,0.057899997,0.23424,3.0,-0.16215348
IL-6 (pg/ml),DKK1 (ng/ml),0.23411,0.22364621,0.017959997,0.23411,3.0,0.10229266
HGF (pg/ml),Angiopoietin-2 (pg/ml),0.23407,0.2334554,0.059080005,0.23407,3.0,0.024791228
sEGFR (pg/ml),OPG (ng/ml),0.23397,0.18460374,0.026299998,0.23397,3.0,0.22218521
Thrombospondin-2 (pg/ml),CA19-9 (U/ml),0.23378,0.22729588,0.027170002,0.23378,3.0,-0.08052409
OPG (ng/ml),AXL (pg/ml),0.23351,0.20841837,0.058699995,0.23351,3.0,0.15840341
DKK1 (ng/ml),AXL (pg/ml),0.23348,0.23309949,0.014070004,0.23348,3.0,0.019506933
Follistatin (pg/ml),AXL (pg/ml),0.23337,0.20840462,0.07350001,0.23337,3.0,0.1580044
sPECAM-1 (pg/ml),Follistatin (pg/ml),0.23337,0.22873405,0.08621001,0.23337,3.0,-0.06808792
FGF2 (pg/ml),CA-125 (U/ml),0.23233,0.2078333,0.06924999,0.23233,3.0,-0.15651418
PAR (pg/ml),Galectin-3 (ng/ml),0.23218,0.19429365,0.028220013,0.23218,3.0,0.19464417
IL-6 (pg/ml),Galectin-3 (ng/ml),0.23157,0.21996881,0.017069995,0.23157,3.0,0.107708864
sFas (pg/ml),CYFRA 21-1 (pg/ml),0.23148,0.2131727,0.03004001,0.23148,3.0,0.13530445
sHER2/sEGFR2/sErbB2 (pg/ml),NSE (ng/ml),0.23138,0.22499324,0.06739999,0.23138,3.0,-0.07991719
Prolactin (pg/ml),Leptin (pg/ml),0.23113,0.23063459,0.01684001,0.23113,3.0,0.022257995
GDF15 (ng/ml),Galectin-3 (ng/ml),0.23062,0.19854544,0.04162,0.23062,3.0,-0.1790937
Midkine (pg/ml),IL-6 (pg/ml),0.23059,0.22861117,0.02144,0.23059,3.0,0.044484034
sPECAM-1 (pg/ml),GDF15 (ng/ml),0.23058,0.2305336,0.056989998,0.22922,3.169925,0.0068123643
sPECAM-1 (pg/ml),CD44 (ng/ml),0.23048,0.20281948,0.008249998,0.23048,3.0,0.16631453
Thrombospondin-2 (pg/ml),Galectin-3 (ng/ml),0.23,0.21803415,0.024990007,0.23,3.0,-0.10938855
OPG (ng/ml),Endoglin (pg/ml),0.22962,0.22143929,0.06058,0.22962,3.0,-0.09044727
NSE (ng/ml),AFP (pg/ml),0.22947,0.1760836,0.018750004,0.22947,3.0,0.23105498
Thrombospondin-2 (pg/ml),Kallikrein-6 (pg/ml),0.22931,0.21774814,0.08835001,0.22931,3.0,-0.10752612
DKK1 (ng/ml),Angiopoietin-2 (pg/ml),0.2292,0.21792375,0.08892,0.2292,3.0,-0.10618975
Midkine (pg/ml),HE4 (pg/ml),0.2292,0.20520976,0.04422,0.2292,3.0,-0.15488786
NSE (ng/ml),Kallikrein-6 (pg/ml),0.2292,0.22834465,0.024130002,0.2292,3.0,0.02924635
sEGFR (pg/ml),NSE (ng/ml),0.2292,0.21931183,0.021420002,0.2292,3.0,-0.09943926
sFas (pg/ml),CA 15-3 (U/ml),0.2292,0.22018126,0.05712001,0.2292,3.0,-0.09496713
CYFRA 21-1 (pg/ml),AXL (pg/ml),0.22911,0.22801805,0.070580006,0.22911,3.0,0.033044714
TIMP-1 (pg/ml),PAR (pg/ml),0.22895,0.16484761,0.02019,0.22895,3.0,0.2531845
TGFa (pg/ml),Mesothelin (ng/ml),0.22885,0.22018301,0.033980012,0.22885,3.0,-0.09309671
NSE (ng/ml),CA19-9 (U/ml),0.22873,0.22869562,0.034580007,0.22873,3.0,-0.0058631143
Kallikrein-6 (pg/ml),Angiopoietin-2 (pg/ml),0.22852,0.22468841,0.04213001,0.22852,3.0,-0.06189985
SHBG (nM),NSE (ng/ml),0.22821,0.22200799,0.05405,0.22821,3.0,-0.078752846
Thrombospondin-2 (pg/ml),CEA (pg/ml),0.22798,0.2279714,0.026069999,0.22798,3.0,0.002931646
TIMP-1 (pg/ml),G-CSF (pg/ml),0.22796,0.21499237,0.015620008,0.22796,3.0,0.113875486
DKK1 (ng/ml),AFP (pg/ml),0.22765,0.21830617,0.0154899955,0.22765,3.0,0.0966635
Kallikrein-6 (pg/ml),CA19-9 (U/ml),0.22752,0.20944303,0.020370007,0.22752,3.0,0.13445063
GDF15 (ng/ml),CA-125 (U/ml),0.22727,0.22704542,0.08338001,0.22727,3.0,-0.014986229
IL-8 (pg/ml),AXL (pg/ml),0.22727,0.21251912,0.074880004,0.22727,3.0,-0.1214532
sFas (pg/ml),CD44 (ng/ml),0.22727,0.15824707,0.0109999925,0.22727,3.0,0.26272216
sPECAM-1 (pg/ml),IL-6 (pg/ml),0.22727,0.17442043,0.045600012,0.22727,3.0,0.22989036
TIMP-2 (pg/ml),NSE (ng/ml),0.22706,0.21645267,0.030670002,0.22706,3.0,-0.10299189
AXL (pg/ml),AFP (pg/ml),0.22639,0.21530887,0.02940999,0.22639,3.0,0.10526694
Leptin (pg/ml),Kallikrein-6 (pg/ml),0.22626,0.2262133,0.008470014,0.22626,3.0,-0.006834255
TIMP-1 (pg/ml),sFas (pg/ml),0.22623,0.18806267,0.057140008,0.22623,3.0,0.19536461
Kallikrein-6 (pg/ml),IL-8 (pg/ml),0.22553,0.22548367,0.02945,0.22553,3.0,-0.0068063135
SHBG (nM),CA 15-3 (U/ml),0.22553,0.21740185,0.025629997,0.22553,3.0,-0.09015628
SHBG (nM),DKK1 (ng/ml),0.2252,0.19212213,0.067940004,0.21655,3.169925,-0.1818732
IL-6 (pg/ml),AXL (pg/ml),0.22432,0.22085649,0.03909999,0.22432,3.0,0.05885161
NSE (ng/ml),AXL (pg/ml),0.22419,0.21261388,0.06454,0.22419,3.0,-0.10759238
sEGFR (pg/ml),Endoglin (pg/ml),0.22419,0.22418875,0.040549994,0.22419,3.0,0.0011175475
Thrombospondin-2 (pg/ml),HE4 (pg/ml),0.22419,0.062827855,0.05952999,0.22419,3.0,0.40169907
Thrombospondin-2 (pg/ml),PAR (pg/ml),0.22389,0.1551688,0.020219997,0.22389,3.0,0.26214728
Midkine (pg/ml),CA-125 (U/ml),0.22382,0.21540311,0.008870006,0.22382,3.0,-0.09174361
OPG (ng/ml),Leptin (pg/ml),0.22375,0.22370419,0.076529995,0.22375,2.5849626,0.0067677675
SHBG (nM),OPG (ng/ml),0.22256,0.21373184,0.04106,0.22256,3.0,-0.093958296
GDF15 (ng/ml),CD44 (ng/ml),0.22187,0.17971632,0.014090002,0.22187,3.0,0.20531364
OPG (ng/ml),Kallikrein-6 (pg/ml),0.22138,0.21026012,0.023269996,0.22138,3.0,0.10545084
sFas (pg/ml),G-CSF (pg/ml),0.22138,0.15083076,0.03722,0.22138,3.0,-0.26561105
sHER2/sEGFR2/sErbB2 (pg/ml),AXL (pg/ml),0.22036,0.08391923,0.0052000135,0.22036,3.0,0.3693789
Prolactin (pg/ml),CEA (pg/ml),0.22033,0.21199012,0.011119992,0.22033,3.0,-0.09132293
Prolactin (pg/ml),AFP (pg/ml),0.2202,0.2036645,0.027319998,0.2202,3.0,-0.12859045
OPG (ng/ml),Galectin-3 (ng/ml),0.21976,0.21580057,0.007249996,0.21976,3.0,-0.062924
TIMP-2 (pg/ml),CA19-9 (U/ml),0.21933,0.21093921,0.06903,0.21933,3.0,0.09160126
TIMP-2 (pg/ml),GDF15 (ng/ml),0.21884,0.14056855,0.016990006,0.21884,3.0,0.27977034
TGFa (pg/ml),CEA (pg/ml),0.21882,0.21623416,0.05850999,0.21882,3.0,0.05085125
sEGFR (pg/ml),CEA (pg/ml),0.21847,0.21375704,0.063130006,0.21847,3.0,0.06865105
TGFa (pg/ml),Angiopoietin-2 (pg/ml),0.21756,0.21752134,0.09967999,0.21756,3.0,-0.006216843
Galectin-3 (ng/ml),AXL (pg/ml),0.21752,0.21125627,0.037359998,0.21752,3.0,-0.079143785
sPECAM-1 (pg/ml),AXL (pg/ml),0.21752,0.18593557,0.029530004,0.21752,3.0,0.17772008
sPECAM-1 (pg/ml),Midkine (pg/ml),0.21752,0.21285665,0.019239992,0.21752,3.0,0.06828874
sPECAM-1 (pg/ml),PAR (pg/ml),0.21751,0.17794605,0.06662,0.21751,3.0,0.1989069
Myeloperoxidase (ng/ml),CA19-9 (U/ml),0.21741,0.20469312,0.095649995,0.21741,3.0,-0.11276914
Midkine (pg/ml),AFP (pg/ml),0.2174,0.21670115,0.047179997,0.2174,3.0,0.026435759
Leptin (pg/ml),DKK1 (ng/ml),0.21706,0.19752192,0.08858,0.21706,3.0,-0.13977867
Mesothelin (ng/ml),CA19-9 (U/ml),0.2169,0.20329702,0.00846,0.2169,3.0,0.11663182
sHER2/sEGFR2/sErbB2 (pg/ml),HE4 (pg/ml),0.21661,0.21547355,0.035210006,0.21661,3.0,-0.033711236
sFas (pg/ml),IL-6 (pg/ml),0.21648,0.20040648,0.022289999,0.21648,3.0,-0.12678139
OPG (ng/ml),NSE (ng/ml),0.21647,0.20766908,0.02203001,0.21647,3.0,-0.09381323
Myeloperoxidase (ng/ml),AXL (pg/ml),0.21645,0.18429977,0.051960006,0.21645,3.0,0.17930487
NSE (ng/ml),G-CSF (pg/ml),0.21629,0.027674332,0.0047100037,0.21629,3.0,0.43429905
PAR (pg/ml),FGF2 (pg/ml),0.21629,0.20305856,0.032649994,0.21629,3.0,-0.115027994
Prolactin (pg/ml),DKK1 (ng/ml),0.21629,0.20075966,0.035569996,0.21629,3.0,-0.12462076
PAR (pg/ml),Follistatin (pg/ml),0.21625,0.11916521,0.053169996,0.21625,3.0,0.31158432
TGFa (pg/ml),sHER2/sEGFR2/sErbB2 (pg/ml),0.21614,0.21510495,0.021630004,0.21614,3.0,-0.032172248
Mesothelin (ng/ml),CA-125 (U/ml),0.21599,0.2043205,0.03328,0.21599,3.0,0.10802549
Myeloperoxidase (ng/ml),HE4 (pg/ml),0.21598,0.21552347,0.07260001,0.21598,3.0,0.021366501
Galectin-3 (ng/ml),Follistatin (pg/ml),0.21589,0.13414076,0.025550008,0.21589,3.0,-0.28591827
CEA (pg/ml),CA 15-3 (U/ml),0.21561,-0.12468436,0.036640003,0.17244,3.169925,0.58334756
GDF15 (ng/ml),CA19-9 (U/ml),0.21558,0.16276252,0.043500006,0.21558,3.0,0.22982053
Galectin-3 (ng/ml),FGF2 (pg/ml),0.21547,0.21490777,0.07184,0.21547,3.0,0.02371149
Thrombospondin-2 (pg/ml),Mesothelin (ng/ml),0.21508,0.21409525,0.01699999,0.21508,3.0,0.031380523
HE4 (pg/ml),CD44 (ng/ml),0.21495,0.20116758,0.08283,0.21495,3.0,0.117398545
DKK1 (ng/ml),CD44 (ng/ml),0.21478,0.19845605,0.053870007,0.21478,3.0,0.12776525
Midkine (pg/ml),Leptin (pg/ml),0.21478,0.18754762,0.055199996,0.21478,3.0,-0.16502237
Thrombospondin-2 (pg/ml),CD44 (ng/ml),0.21437,0.21190198,0.047120005,0.18437,3.169925,0.04967919
HGF (pg/ml),DKK1 (ng/ml),0.2142,0.2083656,0.05498001,0.2142,3.0,0.07638324
Leptin (pg/ml),FGF2 (pg/ml),0.21416,0.1705092,0.07606,0.21416,3.0,0.20892772
IL-8 (pg/ml),HE4 (pg/ml),0.21394,0.2111602,0.008599997,0.21394,3.0,0.052723784
G-CSF (pg/ml),CA-125 (U/ml),0.21379,0.105803646,0.019610003,0.21379,3.0,0.32861277
sHER2/sEGFR2/sErbB2 (pg/ml),CA 15-3 (U/ml),0.21352,0.2072841,0.05044,0.21352,3.0,0.07896779
PAR (pg/ml),CEA (pg/ml),0.21296,0.21040998,0.047780007,0.21296,3.0,-0.0504977
Follistatin (pg/ml),AFP (pg/ml),0.21261,0.19184664,0.02257,0.21261,3.0,-0.14409502
sFas (pg/ml),Kallikrein-6 (pg/ml),0.21261,0.21146317,0.030820005,0.21261,3.0,0.033864997
sHER2/sEGFR2/sErbB2 (pg/ml),OPN (pg/ml),0.21238,0.21221559,0.03204,0.21238,3.0,-0.012822561
TIMP-2 (pg/ml),Thrombospondin-2 (pg/ml),0.21229,0.1680118,0.023180008,0.21229,3.0,0.21042386
HE4 (pg/ml),Galectin-3 (ng/ml),0.21216,0.17299446,0.03241001,0.21216,3.0,-0.19790286
Myeloperoxidase (ng/ml),GDF15 (ng/ml),0.21216,0.20024318,0.068900004,0.21216,3.0,0.109164245
PAR (pg/ml),CYFRA 21-1 (pg/ml),0.2119,0.21036427,0.017409995,0.2119,3.0,-0.03918831
IL-6 (pg/ml),CA-125 (U/ml),0.2118,0.1824506,0.03419,0.2118,3.0,0.17131662
Mesothelin (ng/ml),IL-8 (pg/ml),0.2118,0.20903312,0.07304999,0.2118,3.0,-0.052601084
sPECAM-1 (pg/ml),Leptin (pg/ml),0.21173,0.16630505,0.0067200065,0.21173,3.0,0.2131313
PAR (pg/ml),Mesothelin (ng/ml),0.21158,0.18781316,0.0042399913,0.21158,3.0,0.15416493
sFas (pg/ml),OPG (ng/ml),0.21133,0.20987043,0.04925999,0.21133,3.0,0.038204283
Galectin-3 (ng/ml),CEA (pg/ml),0.21132,0.19075252,0.040750004,0.21132,3.0,0.14341366
sPECAM-1 (pg/ml),FGF2 (pg/ml),0.21123,0.2054863,0.019749999,0.21123,3.0,0.075787134
Kallikrein-6 (pg/ml),G-CSF (pg/ml),0.21121,0.19741371,0.055789992,0.21121,3.0,-0.11745762
Prolactin (pg/ml),Galectin-3 (ng/ml),0.2112,0.20547627,0.074839994,0.2112,3.0,-0.0756553
Kallikrein-6 (pg/ml),FGF2 (pg/ml),0.21074,0.1582719,0.051130004,0.21074,3.0,-0.22905917
Thrombospondin-2 (pg/ml),SHBG (nM),0.21073,0.21072932,0.01828,0.21073,3.0,-8.322091E-4
Mesothelin (ng/ml),HE4 (pg/ml),0.21032,0.21018548,0.04426001,0.21032,3.0,-0.011598026
Follistatin (pg/ml),CA-125 (U/ml),0.21003,0.20154533,0.028899997,0.21003,3.0,-0.09211229
Thrombospondin-2 (pg/ml),NSE (ng/ml),0.2099,0.19492902,0.043600008,0.2099,3.0,-0.122356005
FGF2 (pg/ml),CEA (pg/ml),0.20951,0.19377716,0.07143,0.20951,3.0,-0.12543063
CYFRA 21-1 (pg/ml),CA 15-3 (U/ml),0.20924,0.08776741,0.061200008,0.20924,3.0,0.3485292
SHBG (nM),G-CSF (pg/ml),0.20898,0.20835666,0.027169988,0.20898,3.0,-0.024966724
Thrombospondin-2 (pg/ml),AFP (pg/ml),0.20892,0.20730019,0.056909993,0.20892,3.0,-0.040247
GDF15 (ng/ml),AFP (pg/ml),0.20879,0.20825058,0.06349,0.20879,3.0,0.02322561
G-CSF (pg/ml),FGF2 (pg/ml),0.20876,0.20246942,0.04261999,0.20876,3.0,-0.07931313
IL-6 (pg/ml),CEA (pg/ml),0.20876,0.16406244,0.019649997,0.20876,3.0,0.21141794
PAR (pg/ml),Kallikrein-6 (pg/ml),0.20876,0.20067343,0.033089995,0.20876,3.0,-0.08992531
PAR (pg/ml),CD44 (ng/ml),0.20857,0.1887417,0.025670007,0.20857,3.0,0.140813
OPG (ng/ml),CA-125 (U/ml),0.20767,0.20678337,0.038300008,0.20767,3.0,0.029776394
GDF15 (ng/ml),CA 15-3 (U/ml),0.20763,0.20624177,0.06423,0.20763,3.0,0.037258867
G-CSF (pg/ml),CA19-9 (U/ml),0.20747,0.19216177,0.044159994,0.20747,3.0,-0.12372642
Prolactin (pg/ml),Myeloperoxidase (ng/ml),0.20683,0.20521437,0.022269994,0.20683,3.0,0.04019479
G-CSF (pg/ml),AXL (pg/ml),0.20603,0.18471494,0.06785999,0.20603,3.0,-0.14599675
TGFa (pg/ml),sEGFR (pg/ml),0.20532,0.2038756,0.023360007,0.20532,3.0,-0.03800532
HE4 (pg/ml),GDF15 (ng/ml),0.20523,-0.037793875,0.019209996,0.20523,3.0,0.49297452
IL-8 (pg/ml),Galectin-3 (ng/ml),0.20501,-0.111433595,0.07741,0.20501,3.0,0.5625332
TIMP-2 (pg/ml),CA 15-3 (U/ml),0.20482,0.20284027,0.06443001,0.20482,3.0,0.04449426
Follistatin (pg/ml),FGF2 (pg/ml),0.20415,0.20387068,0.058000013,0.20415,3.0,-0.016712965
GDF15 (ng/ml),DKK1 (ng/ml),0.20401,0.20247145,0.0051099956,0.20401,3.0,-0.03922432
HE4 (pg/ml),Follistatin (pg/ml),0.20397,0.17345075,0.037890002,0.20397,3.0,-0.17469758
Galectin-3 (ng/ml),CA19-9 (U/ml),0.20352,0.1950445,0.039670005,0.20352,3.0,-0.092062466
G-CSF (pg/ml),CYFRA 21-1 (pg/ml),0.20334,0.1890754,0.064789996,0.20334,3.0,0.11943452
PAR (pg/ml),AXL (pg/ml),0.20242,0.17846675,0.02872999,0.20242,3.0,0.15476835
TIMP-1 (pg/ml),CA-125 (U/ml),0.20221,0.15587562,0.08418,0.20221,3.0,0.2152542
sEGFR (pg/ml),CA-125 (U/ml),0.20208,0.19681829,0.013769999,0.20208,3.0,0.07253765
SHBG (nM),OPN (pg/ml),0.20205,0.1982238,0.037690006,0.20205,3.0,-0.061856315
Leptin (pg/ml),G-CSF (pg/ml),0.20172,0.1876973,0.041769996,0.20172,3.0,0.11841747
NSE (ng/ml),Angiopoietin-2 (pg/ml),0.201,0.14904174,0.03713,0.201,3.0,-0.22794355
sFas (pg/ml),Leptin (pg/ml),0.19975,0.18542653,0.008780003,0.19975,3.0,0.11968071
PAR (pg/ml),CA19-9 (U/ml),0.1995,0.18199529,0.01906,0.1995,3.0,-0.13230534
OPN (pg/ml),NSE (ng/ml),0.19891,0.18945181,0.04620999,0.19891,3.0,0.09725316
SHBG (nM),Leptin (pg/ml),0.1989,0.19858979,0.05975,0.1989,3.0,0.017612876
TGFa (pg/ml),Kallikrein-6 (pg/ml),0.19792,0.14757924,0.03035,0.19792,3.0,-0.22436747
SHBG (nM),Myeloperoxidase (ng/ml),0.19772,0.18388455,0.01674001,0.19772,3.0,-0.11762421
Prolactin (pg/ml),CYFRA 21-1 (pg/ml),0.19752,0.16135804,0.022689998,0.19752,3.0,-0.19016297
sPECAM-1 (pg/ml),OPG (ng/ml),0.19744,0.18405932,0.015870005,0.19744,3.0,0.11567487
Prolactin (pg/ml),G-CSF (pg/ml),0.19651,0.16287771,0.055450007,0.19651,3.0,-0.1833911
TGFa (pg/ml),OPN (pg/ml),0.19602,0.19035679,0.035109997,0.19602,3.0,-0.075254306
sFas (pg/ml),Midkine (pg/ml),0.19457,0.18232818,0.016629994,0.19457,3.0,-0.110642806
SHBG (nM),IL-8 (pg/ml),0.19404,0.17092413,0.01715,0.19404,3.0,-0.15203907
SHBG (nM),Prolactin (pg/ml),0.1923,0.18574533,0.036670007,0.1923,3.0,-0.08096092
SHBG (nM),HGF (pg/ml),0.19103,0.15246475,0.020119995,0.19103,3.0,-0.19638036
Endoglin (pg/ml),DKK1 (ng/ml),0.1901,0.1899756,0.009079993,0.1901,3.0,-0.011153324
Midkine (pg/ml),HGF (pg/ml),0.19003,0.18911622,0.0159,0.19003,3.0,-0.030228615
CD44 (ng/ml),CA-125 (U/ml),0.18996,0.18736912,0.043600008,0.18996,3.0,-0.050900634
Midkine (pg/ml),CEA (pg/ml),0.18989,0.18460369,0.025399998,0.18989,3.0,-0.072706975
IL-8 (pg/ml),CA-125 (U/ml),0.18963,0.1894951,0.033910006,0.18963,3.0,-0.011614536
OPN (pg/ml),CEA (pg/ml),0.1895,0.1755916,0.04765001,0.1895,3.0,0.11793391
GDF15 (ng/ml),Endoglin (pg/ml),0.18941,0.120256655,0.022200003,0.18941,3.0,-0.26297024
CEA (pg/ml),AFP (pg/ml),0.18921,0.17678577,0.018539995,0.18921,3.0,-0.11146406
Kallikrein-6 (pg/ml),CEA (pg/ml),0.18788,0.16501376,0.0154899955,0.18788,3.0,0.15121587
FGF2 (pg/ml),CA19-9 (U/ml),0.18746,0.040063143,0.012380004,0.18746,3.0,0.383923
TGFa (pg/ml),CD44 (ng/ml),0.18728,0.17664425,0.028219998,0.18728,3.0,-0.10312977
TGFa (pg/ml),G-CSF (pg/ml),0.1872,0.16447389,0.011780001,0.1872,3.0,0.15075177
sEGFR (pg/ml),AXL (pg/ml),0.18689,0.18437764,0.021370009,0.18689,3.0,0.050123576
sEGFR (pg/ml),GDF15 (ng/ml),0.18615,0.14875863,0.024900004,0.18615,3.0,0.19336846
HGF (pg/ml),Endoglin (pg/ml),0.18546,0.16203424,0.01568,0.18546,3.0,-0.15305474
TIMP-1 (pg/ml),sPECAM-1 (pg/ml),0.18515,0.17456308,0.044710003,0.18515,3.0,0.10289277
Mesothelin (ng/ml),Galectin-3 (ng/ml),0.1848,0.15825135,0.010710001,0.1848,3.0,-0.16293758
NSE (ng/ml),IL-8 (pg/ml),0.18415,0.18283992,0.030739993,0.18415,3.0,-0.036194958
FGF2 (pg/ml),CA 15-3 (U/ml),0.18364,0.18067639,0.045550004,0.18364,3.0,0.054439165
OPG (ng/ml),Angiopoietin-2 (pg/ml),0.18364,0.18011838,0.019079998,0.18364,3.0,0.05934322
Prolactin (pg/ml),Kallikrein-6 (pg/ml),0.18364,0.1836187,0.017949998,0.18364,3.0,-0.0046165
HE4 (pg/ml),AXL (pg/ml),0.18054,0.10988801,0.043349996,0.18054,3.0,0.2658044
sHER2/sEGFR2/sErbB2 (pg/ml),SHBG (nM),0.17812,0.17150909,0.014249995,0.17812,3.0,0.081307545
TIMP-2 (pg/ml),HE4 (pg/ml),0.17767,0.1773614,0.032169998,0.17767,3.0,-0.01756713
TGFa (pg/ml),SHBG (nM),0.1769,0.12593955,0.042339996,0.1769,3.0,-0.2257442
NSE (ng/ml),Mesothelin (ng/ml),0.17594,0.15333407,0.04271,0.17594,3.0,-0.15035273
IL-6 (pg/ml),Angiopoietin-2 (pg/ml),0.17563,0.17554176,0.02350001,0.17563,3.0,-0.009393855
SHBG (nM),AFP (pg/ml),0.17327,0.15198697,0.015100002,0.17327,3.0,-0.14588706
sHER2/sEGFR2/sErbB2 (pg/ml),Galectin-3 (ng/ml),0.17286,0.14643627,0.023150004,0.17286,3.0,-0.16255376
OPN (pg/ml),G-CSF (pg/ml),0.17274,0.17234793,0.022689998,0.17274,3.0,0.019800646
Prolactin (pg/ml),Angiopoietin-2 (pg/ml),0.17244,0.16451305,0.06216999,0.17244,3.0,0.08903345
TIMP-2 (pg/ml),PAR (pg/ml),0.17053,0.17017643,0.005430013,0.17053,3.0,0.018803699
PAR (pg/ml),AFP (pg/ml),0.1702,0.16957791,0.031320006,0.1702,3.0,0.024941774
TGFa (pg/ml),sFas (pg/ml),0.1696,0.16250665,0.030969992,0.1696,3.0,0.084222
Prolactin (pg/ml),HE4 (pg/ml),0.16861,0.16716368,0.044469997,0.16292,3.169925,-0.03803058
IL-8 (pg/ml),CEA (pg/ml),0.16493,0.16325675,0.057989992,0.16493,3.0,-0.04090534
G-CSF (pg/ml),AFP (pg/ml),0.16449,0.14602692,0.023380004,0.16449,3.0,0.13587889
IL-8 (pg/ml),CYFRA 21-1 (pg/ml),0.16449,0.1633597,0.007820003,0.16449,3.0,0.033619855
TIMP-1 (pg/ml),CD44 (ng/ml),0.16367,0.16090871,0.027789995,0.16367,3.0,0.052547995
sHER2/sEGFR2/sErbB2 (pg/ml),GDF15 (ng/ml),0.16356,0.16328382,0.029560007,0.16356,3.0,0.016618557
IL-6 (pg/ml),AFP (pg/ml),0.16316,0.1620034,0.015440002,0.16316,3.0,0.034008764
PAR (pg/ml),Endoglin (pg/ml),0.16281,0.1578518,0.014149994,0.16281,3.0,0.070414476
TIMP-2 (pg/ml),Leptin (pg/ml),0.16144,0.15880314,0.035339996,0.16144,3.0,0.051350478
sHER2/sEGFR2/sErbB2 (pg/ml),FGF2 (pg/ml),0.16122,0.14319372,0.023050003,0.16122,3.0,-0.134262
IL-8 (pg/ml),Endoglin (pg/ml),0.16117,0.1588569,0.040370002,0.16117,3.0,0.048094768
TIMP-1 (pg/ml),AFP (pg/ml),0.16018,0.15703686,0.0084500015,0.16018,3.0,-0.056063794
TIMP-1 (pg/ml),sHER2/sEGFR2/sErbB2 (pg/ml),0.15196,0.14378461,0.0072899982,0.15196,3.0,0.09041789
Leptin (pg/ml),Endoglin (pg/ml),0.14847,0.12952733,0.03609,0.14847,3.0,0.13763238
