0.000423,0.167370192,0.127437516,0.0000807,0.013153308,0.000154,0.104523961,0.000115,0.0000698,0.053380783,0.084556897,0.00126857,0.148255205,0.039863082,0.006439817,0.017319588,0.00088,0.033014772,0.001594738,0.002048451,0.080109703,0.003896516,0.03522071,0.001422323,0.106191858,0.029232032,0.04379562,0.214327307,0.039012696,0.025891893,0.174401564,0.005303089,0.050467172,0.01720399,0.154324458,0.0000741,0.00979985,0.121733369,0.170933018,0.395036273,1
0.000168,0.128485419,0.046509808,0.000089,0.017693622,0.000174,0.032253511,0.002456809,0.000136,0.192170819,0.067055114,0.005914899,0.084344894,0.056050774,0.000705,0.065979381,0.00212925,0.075415201,0.065931217,0.00447365,0.026135531,0.004701741,0.027382426,0.004526753,0.372581775,0.091025173,0.116788321,0.305349465,0.05921894,0.014293593,0.212873568,0.003979942,0.075878829,0.030847641,0.285663036,0.000102,0.018845459,0.281073988,0.284822743,0.003379748,1
0.001857334,0.041675845,0.191323519,0.000651,0.00666593,0.015901728,0.01228033,0.543264186,0.0000412,0.12633452,0.055798842,0.101149355,0.043324442,0.080439278,0.000263,0.026391753,0.002008492,0.07279073,0.00384655,0.003286609,0.050894142,0.007714818,0.02640264,0.002429175,0.196628989,0.093487778,0.03892944,0.224201097,0.105351725,0.030632012,0.061310318,0.036057529,0.07910504,0.019686689,0.271955984,0.000124,0.010454014,0.151904152,0.177529741,0.163091862,1
0.047507102,0.073256039,0.227367734,0.000734,0.009556767,0.000263,0.068388736,0.236113462,0.000182,0.128113879,0.117008687,0.018340772,0.071506782,0.041004065,0.037898973,0.029278351,0.002893029,0.103856882,0.018856264,0.006130207,0.129272738,0.006818953,0.058649615,0.000608,0.039761929,0.026541408,0.075425791,0.530616446,0.070734773,0.041764039,0.195780336,0.013827177,0.036137763,0.024011268,0.211397842,0.005410877,0.010774822,0.178609789,0.153960348,0.003214566,1
0.007042442,0.06270183,0.052927738,0.0000807,0.037087737,0.000154,0.065212788,0.001527824,0.0000698,0.193950178,0.07894732,0.098703919,0.086135509,0.097054838,0.024357542,0.031752577,0.063956992,0.057230158,0.074135769,0.007605016,0.04222752,0.027887307,0.023067932,0.008127373,0.225777733,0.029232032,0.085158151,0.482540893,0.110680319,0.137457147,0.0279127,0.000671,0.107784807,0.021557266,0.252804592,0.0000741,0.00979985,0.360379782,0.166026839,0.003022481,1
0.000489,0.108979956,0.29274741,0.0000918,0.006444866,0.000199,0.152939516,0.002433948,0.000553,0.099644128,0.087270131,0.020740356,0.034148162,0.116879412,0.048137672,0.17443299,0.003067924,0.023129765,0.063171504,0.007243414,0.138576336,0.005330297,0.03982742,0.005831987,0.110703211,0.033108355,0.177615572,0.274107099,0.047426125,0.047790228,0.119783897,0.000039,0.048435078,0.016437359,0.219570365,0.000152,0.032537105,0.774800772,0.176268199,0.024743223,1
0.000168,0.060667014,0.113775316,0.000089,0.001122325,0.000174,0.114686993,0.0000953,0.002093002,0.314946619,0.102617906,0.024347374,0.214067733,0.102831063,0.00818846,0.027216495,0.00212925,0.008755926,0.001005146,0.007307783,0.042750817,0,0.023171067,0.009750287,0.046784035,0.076842393,0.063260341,0.24773097,0.312533783,0.23160019,0.301690825,0.025034309,0.277831315,0.037088631,0.412499236,0.000102,0.014290899,0.113088994,0.153095732,0.002917927,1
0.007813017,0.057959377,0.140735566,0.000323,0.012549633,0.000199,0.082645211,0.006311995,0.0000943,0.090747331,0.125978568,0.11085468,0.084914072,0.062326178,0.007327421,0.083298969,0.003515009,0.005181536,0.004468107,0.000558,0.207949715,0.03761676,0.043454345,0.010586424,0.003781134,0.021023349,0.092457421,0.105491351,0.076690711,0.333498314,0.227498824,0.023709029,0.057569028,0.043818322,0.440047118,0.000107,0.008233462,0.106533228,0.32558118,0.003293515,1
0.001045069,0.055106897,0.219891958,0.001482446,0.024946222,0.000179,0.052297269,0.0000448,0.000103,0.078291815,0.041867071,0.008620163,0.02849483,0.054767168,0.000353,0.034226804,0.002267767,0.000277,0.00032,0.000117,0.072416957,0.019024925,0.059818482,0.027995729,0.008772632,0.025857351,0.158150852,0.103904668,0.182137519,0.008706489,0.187420489,0.006009205,0.093120208,0.037231249,0.239531945,0.000102,0.011107287,0.130654966,0.480143585,0.004579947,1
0.000423,0.122782128,0.269449253,0.000779,0.00435326,0.000154,0.064012986,0.001122175,0.0000698,0.099644128,0.071637176,0.00126857,0.070749119,0.654496185,0.006439817,0.029690722,0.00088,0.162235635,0.002528849,0.02581389,0.070571419,0.049845158,0.012616887,0.002747968,0.352345704,0.029232032,0.116788321,0.196537885,0.152710878,0.059974086,0.033593338,0.01387902,0.019147777,0.01932566,0.204744483,0.007840148,0.00979985,0.288746024,0.232050944,0.002770653,1
0.986170808,0.069539171,0.552624966,0.000089,0.018399327,0.000174,0.000494,0.024558591,0.000197,0.083629893,0.001881819,0.055679526,0.050726228,0.051272909,0.031849045,0.069690722,0.00212925,0.029449251,0.025036317,0.003072676,0.129266725,0.006143718,0.063256326,0.001928347,0.043823147,0.035251733,0.124087591,0.274869877,0.153359305,0.040824958,0.213742371,0.029815686,0.197657854,0.032707656,0.453472082,0.000102,0.059314584,0.274965176,0.238003063,0.030949415,1
0.000785,0.119233131,0.130768413,0.001435163,0.003043881,0.000263,0.021596443,0.001301292,0.000182,0.190391459,0.084253158,0.07218622,0.225161112,0.564501177,0.017762238,0.04,0.002893029,0.08353164,0.00087,0.007023801,0.037868466,0.000459,0.00352379,0.003340649,0.077283185,0.066763955,0.090024331,0.164858482,0.197304966,0.031347682,0.119937847,0.002708638,0.134013491,0.025442365,0.385977992,0.003553934,0.010774822,0.169837805,0.348265675,0.009346702,1
0.000125,0.025819834,0.268325497,0.0000445,0.014947327,0.000127,0.103818195,0.004228681,0.002976237,0.065836299,0.082732609,0.00545638,0.048409837,0.019040148,0.000153,0.030927835,0.000385,0,0.000032,0.00382428,0.084193673,0.012955767,0.032281353,0.003077895,0.008612584,0.018013499,0.201946472,0.126273612,0.077292217,0.014779895,0.145180885,0.000151,0.228097373,0.030877533,0.137154693,0.00007,0.011129774,0.137284553,0.515903914,0.003016336,1
0.000504,0.15576203,0.124184062,0.000278,0.017447051,0.003080003,0.035005999,0.006523088,0.000182,0.137010676,0.020344307,0.018340772,0.083954282,0.251372745,0.042559675,0.032164948,0.002893029,0.07938783,0.006993404,0.004524767,0.041689191,0.002358153,0.03059681,0.007870372,0.077643293,0.033518789,0.063260341,0.390553213,0.334491628,0.031319787,0.115945886,0.010182082,0.029873884,0.022223592,0.355903347,0.002347629,0.010774822,0.153980343,0.204531255,0.004284737,1
0.004284045,0.165135799,0.119190599,0.000617,0.064550687,0.000186,0.114192956,0.012914058,0.000362,0.163701068,0.164915272,0.120666993,0.146318266,0.078157313,0.000374,0.016082474,0.002036744,0.081377249,0.013983257,0.010478906,0.133828896,0.000249,0.104132288,0.004779487,0.425657697,0.108628238,0.087591241,0.431489169,0.139591237,0.046109754,0.191653519,0.023189121,0.149159928,0.037968121,0.382687638,0.002585058,0.068502951,0.133901989,0.096875058,0.008380975,1
0.005773486,0.040035176,0.063858815,0.0000807,0.002652768,0.000154,0.036135225,0.000519,0.001116804,0.318505338,0.052418744,0.158372562,0.398016187,0.081580261,0.049515959,0.042061856,0.00088,0.006126133,0.007725066,0.001525926,0.042961638,0.003896516,0.038589796,0.017133005,0.015344603,0.334458227,0.060827251,0.114832037,0.174757191,0.031289176,0.1234966,0.019695291,0.129174174,0.029727288,0.301764576,0.0000741,0.016891885,0.158553069,0.218390359,0.002533012,1
0.004432652,0.108537082,0.275247634,0.000103,0.020490932,0.000186,0.052085539,0.00415802,0.00681452,0.137010676,0.144146596,0.008864706,0.093803903,0.083077801,0.037888815,0.068041237,0.029482047,0.016765044,0.104133887,0.010853761,0.13027386,0.061803619,0.042354235,0.004193486,0.098749625,0.028684787,0.119221411,0.39287969,0.307180797,0.014125858,0.19059735,0.051741214,0.1465203,0.033292476,0.416905915,0.000109,0.024520424,0.323199524,0.121420286,0.004057856,1
0.001515129,0.080427789,0.271919208,0.000147,0.027633,0.000199,0.078410615,0.100496736,0.0000945,0.053380783,0.119949571,0.030430397,0.07373017,0.037438494,0.006479666,0.012371134,0.00232976,0.000695,0.004468107,0.000151,0.139755586,0.057319925,0.040858773,0.004508568,0.008152446,0.020293688,1,0.147797897,0.033742185,0.37520885,0.195472436,0.023291987,0.08939121,0.038843758,0.389468763,0.000107,0.016124202,0.040129234,0.140954398,0.002899049,1
0.000916,0.112198883,0.213984826,0.0000807,0.013859012,0.000177,0.044180958,0.000618,0.000117,0.087188612,0.077541832,0.102387357,0.154842286,0.036511445,0.00016,0.042886598,0.001998052,0.020662282,0.001179182,0.001620586,0.112331636,0.072142653,0.030871837,0.019687249,0.005251575,0.049571324,0.104622871,0.094333913,0.094287331,0.017327218,0.308415699,0.018684678,0.025956341,0.026906078,0.247948978,0.000102,0.017448329,0.111588368,0.205048879,0.003441521,1
0.189460981,0.081319877,0.30347252,0.000172,0.007728737,0.000577,0.14828146,0.005241985,0.00126471,0.117437722,0.009592823,0.202038882,0.153608448,0.055908151,0.000353,0.064742268,0.011887951,0.01024156,0.002905335,0.003002628,0.060180078,0.025855881,0.070991474,0.016612508,0.009072722,0.019974462,0.116788321,0.396280223,0.480691777,0.053872554,0.175850365,0.019184078,0.250848452,0.027907993,0.408605626,0.000102,0.086900388,0.128308343,0.142817997,0.012543727,1
0.000144,0.04214208,0.129044882,0.005846343,0.002576246,0.000971,0.02145529,0.0000448,0.000103,0.090747331,0.041628287,0.135752277,0.065084626,0.04128931,0.000353,0.016082474,0.002267767,0.002200512,0.00032,0.000117,0.037087749,0.059458137,0.017103273,0.005384972,0.017185156,0.048568041,0.087591241,0.009108505,0.089278712,0.013516585,0.288131285,0.00711727,0.166589852,0.02529171,0.218471576,0.000102,0.011107287,0.116548246,0.342644787,0.00310985,1
0.000504,0.039843275,0.095478861,0.000128,0.003792098,0.000263,0.053497071,0.00278473,0.000182,0.128113879,0.140059424,0.018340772,0.252709793,0.132995793,0.014955659,0.012371134,0.002893029,0.089695024,0.012725936,0.024233061,0.065340142,0.00118097,0.024271177,0.00377449,0.046704011,0.05540861,0.04622871,0.290252239,0.179086584,0.004275754,0.272081095,0.002037302,0.030963255,0.029126989,0.235758585,0.003772202,0.010774822,0.270756033,0.269607193,0.002699183,1
0.000423,0.028569855,0.081813366,0.0000807,0.010713101,0.000154,0.049968241,0.004159237,0.0000698,0.024911032,0.077225103,0.087347924,0.083412386,0.045710618,0.006439817,0.009896907,0.00088,0.000945,0.000401,0.000114,0.076839144,0.045682001,0.027829345,0.003259745,0.007642293,0.029232032,0.03163017,0.123003947,0.092298022,0.015975301,0.042763511,0.023717068,0.100410609,0.019032917,0.161198276,0.0000741,0.00979985,0.058506764,0.194923366,0.00257063,1
0.000168,0.076367835,0.221206027,0.000089,0.001921556,0.024902903,0.024842967,0.0000953,0.000136,0.238434164,0.08969138,0.106284771,0.099054223,0.053911431,0.07304606,0.04371134,0.00212925,0.026826553,0.010744057,0.010859441,0.046262636,0.001060376,0.020661441,0.006957413,0.018655597,0.05636629,0.223844282,0.234217711,0.310927288,0.0226918,0.060741061,0.013159287,0.241086018,0.028516329,0.312819603,0.00238845,0.011884971,0.270970338,0.232554899,0.005796356,1
0.001229516,0.053312041,0.061609656,0.0000807,0.015533997,0.000618,0.077281389,0.003132543,0.001400959,0.035587189,0.07249581,0.31987834,0.095440753,0.052699137,0.006439817,0.012371134,0.01218651,0.012615026,0.002344158,0.000558,0.09219119,0.110943812,0.019853548,0.005934788,0.012013604,0.029232032,0.0243309,0.411813163,0.041668002,0.014474444,0.042397134,0.039049171,0.147714417,0.030875739,0.248414948,0.0000741,0.00979985,0.038662731,0.114735933,0.003060319,1
0.000144,0.082346463,0.161766438,0.0000862,0.020116824,0.000179,0.094854965,0.003166092,0.000103,0.087188612,0.049466107,0.008620163,0.120477117,0.109463025,0.000353,0.075876289,0.002267767,0.000277,0.00043,0.000666,0.109587569,0.070372657,0.052186469,0.007749943,0.016504951,0.022984312,0.145985401,0.154912003,0.294980158,0.025349471,0.191799115,0.015844628,0.148803788,0.030207952,0.260696531,0.000102,0.011107287,0.171861968,0.405787021,0.003428446,1
0.014656959,0.065002637,0.068035001,0.000428,0.017140962,0.025290008,0.020255487,0.028441982,0.001330331,0.144128114,0.119429318,0.291878095,0.036112382,0.281965343,0.031906864,0.041649485,0.017641668,0.120693769,0.014128879,0.023025195,0.064015459,0.016455271,0.034962871,0.003667607,0.298389517,0.035206129,0.087591241,0.252405469,0.188519265,0.005767445,0.044992804,0.013489541,0.005048812,0.019351433,0.304969752,0.00676547,0.010774822,0.118488615,0.187855756,0.012239918,1
0.000504,0.134374604,0.140847612,0.000128,0.004021664,0.000263,0.060766462,0.002172383,0.000182,0.195729537,0.050647038,0.07218622,0.152994629,0.041217999,0.058990507,0.048247423,0.002893029,0.015557911,0.00803762,0.002410054,0.096014545,0.00180133,0.051533278,0.003173274,0.022496749,0.167365925,0.131386861,0.196905763,0.032604699,0.014844869,0.036828676,0.015651365,0.082519797,0.012107798,0.203618137,0.000126,0.010774822,0.18356381,0.280661473,0.002983872,1
0.002413591,0.163302896,0.050712357,0.000128,0.007465161,0.000263,0.053708801,0.002251951,0.00405911,0.128113879,0.091933232,0.07218622,0.067780469,0.082649932,0.094355589,0.117938144,0.03035975,0.085592901,0.095101776,0.008489144,0.123605912,0.000459,0.032882976,0.005675931,0.029228769,0.101605254,0.165450122,0.428023957,0.102596788,0.033633052,0.145887385,0.068471277,0.06337202,0.019927818,0.798150047,0.000126,0.032653045,0.36259753,0.279923728,0.004174081,1
0.007690497,0.109787608,0.18989658,0.0000807,0.01433515,0.000177,0.111511045,0.000106,0.000117,0.055160142,0.191498286,0.006679098,0.163475429,0.031947515,0.012218619,0.018969072,0.001998052,0.01969019,0.000185,0.000134,0.141178915,0.018904153,0.022174092,0.035425023,0.010903271,0.030554542,0.189781022,0.125891875,0.117326852,0.016614905,0.128092427,0.039567438,0.090333934,0.027837248,0.398124293,0.000102,0.066345528,0.126243971,0.35463952,0.005901979,1
0.001821379,0.100045722,0.134321755,0.000128,0.005109979,0.002712935,0.003105371,0.002850196,0.009265033,0.128113879,0.089051117,0.018340772,0.031107589,0.084432718,0.208894011,0.081649485,0.002893029,0.027717047,0.194511829,0.014829498,0.180159552,0.012660174,0.032057893,0.002829986,0.032529759,0.031831448,0.367396594,0.202935762,0.066921724,0.035443392,0.091170665,0.006340443,0.099698328,0.023807803,0.429426495,0.000126,0.088595011,0.36259753,0.196548766,0.005445611,1
0.005206811,0.096540112,0.094891443,0.002722916,0.002992866,0.000263,0.02498412,0.001438399,0.000182,0.128113879,0.115557422,0.07218622,0.17039484,0.105826143,0.006088213,0.018969072,0.002893029,0.21066818,0.012122138,0.01459474,0.023724795,0.00180133,0.017447057,0.002888067,0.479483845,0.026541408,0.085158151,0.544377557,0.154976962,0.03090147,0.076593145,0.039635851,0.16887334,0.016554735,0.207115421,0.007587724,0.040224889,0.251087187,0.079118568,0.002768553,1
0.000504,0.042988446,0.104941806,0.000503,0.001394404,0.000263,0.033382737,0.003816145,0.000182,0.128113879,0.122093063,0.018340772,0.02848987,0.06439421,0.008445521,0.021443299,0.002893029,0.02293375,0.02099442,0.002410054,0.08056855,0.040761409,0.025938531,0.001941522,0.024547364,0.026541408,0.080291971,0.283412334,0.038745842,0.059456712,0.054955402,0.006744524,0.121024846,0.015737288,0.263286426,0.000126,0.010774822,0.226562449,0.208890932,0,1
0.000489,0.101823892,0.163910966,0.0000918,0.004115191,0.000199,0.080457336,0.000744,0.000102,0.080071174,0.055378186,0.020740356,0.063989673,0.027383584,0.043622299,0.057731959,0.003067924,0.010505869,0.055645336,0.002500928,0.092890923,0.001645839,0.023858636,0.004548093,0.025597679,0.031831448,0.111922141,0.213213808,0.043759628,0.029106238,0.045625312,0.000039,0.045355512,0.012197076,0.183921108,0.000152,0.015281478,0.250536914,0.12490774,0.003057969,1
0.000489,0.067524046,0.187176992,0.000801,0.019768223,0.000199,0.166066765,0.01147937,0.000102,0.275800712,0.106225035,0.020740356,0.099712683,0.022177851,0.011849045,0.047010309,0.003067924,0.016310041,0.044095031,0.004212388,0.090451627,0.001261343,0.016089109,0.008461197,0.017145144,0.016782196,0.107055961,0.237025196,0.166900827,0.025498148,0.207007951,0.000039,0.133929694,0.034098365,0.291731677,0.000152,0.057522433,0.310868699,0.166536085,0.00266494,1
0.000401,0.046399608,0.098109471,0.0000584,0.006512885,0.000167,0.000776,0.001092783,0.000104,0.053380783,0.040276,0.086553158,0.063525899,0.081865507,0.020208618,0.041649485,0.002008492,0.008815351,0.0392753,0.003928406,0.072327705,0.006324642,0.028259076,0.001270349,0.017705312,0.009896023,0.087591241,0.063294244,0.063238072,0.039229668,0.106519129,0.030978219,0.069258809,0.017774861,0.184082945,0.000107,0.010454014,0.210107716,0.243944048,0.001177507,1
0.000206,0.017265397,0.142069408,0.0000862,0.002788807,0.000179,0.04601595,0.001542075,0.000103,0.087188612,0.058474341,0.043070245,0.049002576,0.030022107,0.000353,0.01443299,0.002267767,0.000277,0.00032,0.000117,0.041674159,0.057456888,0.025457233,0.00687688,0.01073322,0.030007297,0.070559611,0.055187593,0.225442815,0.057734847,0.173030334,0.009583262,0.0567939,0.028702656,0.262558409,0.000102,0.011107287,0.108721356,0.332676016,0.003383058,1
0.003310553,0.108510383,0.062936084,0.002756292,0.011197742,0.000177,0.016797233,0.001596792,0.000117,0.106761566,0.06419898,0.149813535,0.142182739,0.031733581,0.01570184,0.023092784,0.001998052,0.003467957,0.000185,0.000134,0.088272194,0.010117,0.026746425,0.007078955,0.005581675,0.046333455,0.094890511,0.079526931,0.318400632,0.039754958,0.284807634,0.026595672,0.208949596,0.032313944,0.275004835,0.000102,0.020579768,0.107658943,0.337628932,0.002150546,1
0.081046822,0.0798908,0.089724144,0.002728479,0.016715839,0.002555048,0.04686287,0.002564523,0.008516997,0.039145907,0.088016797,0.224200648,0.316999555,0.068387649,0.162914404,0.070515464,0.008248793,0.035898232,0.115218912,0.011005218,0.063827936,0.005185251,0.025921342,0.002747968,0.042762829,0.029232032,0.051094891,0.053406849,0.059379135,0.082438082,0.068815682,0.014558558,0.150689236,0.016442939,0.113208814,0.0000741,0.019999117,0.047809028,0.103248903,0.002247072,1
0.000301,0.046759046,0.272367392,0.001268284,0.026799759,0.002058144,0.067541817,0.005694156,0.007767427,0.12633452,0.124848981,0.083343523,0.027004304,0.120017115,0.056200336,0.058969072,0.002036744,0.073065683,0.008410554,0.018822273,0.157965189,0.002461509,0.049023652,0.002960435,0.031249375,0.019199197,0.097323601,0.243690147,0.153290886,0.015927147,0.16471703,0.019222468,0.041940755,0.02172672,0.327622438,0.000981,0.011329928,0.186704455,0.064104401,0.015491425,1
0.000423,0.14795317,0.21732561,0.0000807,0.018373819,0.000154,0.214623474,0.006254576,0.001019715,0.138790036,0.115058202,0.139787247,0.103171149,0.055266348,0.109061999,0.06185567,0.004126442,0.227842993,0.119903676,0.012108958,0.098304086,0.006976782,0.03279703,0.003503572,0.059597879,0.029232032,0.133819951,0.425466738,0.090738035,0.01720275,0.046829464,0.019547964,0.073050656,0.020429473,0.177990254,0.003117398,0.015193122,0.290917496,0.189469692,0.002396723,1
0.006270183,0.103435191,0.057851995,0.0000807,0.00887657,0.000154,0.065847978,0.010734608,0.001019715,0.055160142,0.077225103,0.087347924,0.094131273,0.073807317,0.026575771,0.03628866,0.00088,0.038720492,0.055197815,0.006005256,0.057263896,0.003896516,0.037713146,0.003970999,0.177993398,0.029232032,0.082725061,0.406001857,0.088143913,0.019482705,0.091997699,0.009041042,0.173922152,0.024051921,0.17545347,0.0000741,0.052140246,0.139952581,0.114735933,0,1
0.000504,0.04270243,0.041218105,0.00191077,0.006716945,0.000263,0.045380761,0.001515116,0.00162026,0.128113879,0.109033536,0.260790487,0.090718689,0.043571276,0.028338477,0.061030928,0.028966242,0.064634379,0.009685634,0.004469864,0.116878776,0.007470358,0.020644252,0.005062282,0.07283185,0.046424663,0.080291971,0.487351993,0.1251673,0.022109304,0.082175923,0.027765751,0.026961914,0.02123762,0.17572253,0.001966077,0.010774822,0.173176097,0.197273835,0.002478476,1
0.000504,0.04671299,0.186423153,0.000278,0.003987654,0.000263,0.037546757,0.045719808,0.000182,0.174377224,0.198123006,0.018340772,0.473088079,0.245739143,0.034223542,0.16,0.002893029,0.04608214,0.017389389,0.006855306,0.016749633,0.000459,0.041563531,0.004770209,0.04973492,0.05974097,0.138686131,0.341722706,0.211549071,0.006789406,0.063746071,0.005397916,0.125005237,0.023689298,0.326651415,0.001671998,0.010774822,0.36259753,0.379785702,0.004698295,1
0.000301,0.044867405,0.114197137,0.006321949,0.005875201,0.000998,0.041357894,0.018731425,0.0000948,0.145907473,0.074174725,0.037659718,0.051865823,0.068815517,0.022899559,0.028041237,0.002036744,0.032809888,0.007522616,0.004148019,0.100498739,0.004337355,0.014559268,0.002493565,0.141742523,0.121351696,0.099756691,0.345802672,0.081884122,0.024060734,0.277537372,0.008598899,0.110089245,0.022019795,0.246834657,0.000109,0.052069026,0.188666265,0.286082411,0.007089685,1
0.000144,0.271300653,0.131453871,0.0000862,0.000051,0.000179,0.07142353,0.0000448,0.000103,0.069395018,0.055488917,0.008620163,0.062835198,0.131926121,0.215233816,0.002061856,0.002267767,0.000277,0.022841332,0.000117,0.051776889,0.000108,0.035581683,0.032542523,0.051515455,0.037805545,0,0.019140557,0.229081406,0.000803,0.314410204,0.000395,0.058511753,0.041267138,0.579667447,0.000102,0.193576361,0.028248002,0,0.017977953,1
0.000193,0.03247562,0.147841425,0.000323,0.013663456,0.000486,0.046368833,0.000827,0.0000945,0.101423488,0.135974107,0.010561228,0.079407064,0.021536048,0.011663086,0.008659794,0.00232976,0.000695,0.004468107,0.000151,0.102268929,0.003984973,0.063187569,0.008609274,0.00763229,0.031785845,1,0.101910478,0.048233507,0.023934489,0.232640041,0.026815841,0.051388947,0.031321795,0.249546806,0.000107,0.008233462,0.036963367,0.123574551,0.001044842,1
0.000144,0.036370038,0.15788355,0.0000862,0.007618205,0.000179,0.046721716,0.001366016,0.000103,0.069395018,0.000233,0.153848505,0.091817362,0.035013906,0.000353,0.030927835,0.002267767,0.003139787,0.00032,0.000117,0.054785141,0.015509609,0.05369912,0.016050815,0.013454036,0.031329807,0.092457421,0.103079068,0.127598333,0.007412832,0.259149289,0.081887811,0.105627016,0.031496231,0.158480615,0.000102,0.011107287,0.154090943,0.399829722,0.00382416,1
0.000423,0.056152172,0.070673026,0.0000807,0.007941299,0.000154,0.038464253,0.001365659,0.0000698,0.078291815,0.134497479,0.00126857,0.106959464,0.072167154,0.019803883,0.026391753,0.00088,0.012615026,0.004556901,0.001944325,0.114106148,0.003896516,0.032109461,0.002477421,0.271481444,0.029232032,0.051094891,0.14281024,0.040942268,0.126245943,0.094003824,0.065450432,0.065236519,0.02179587,0.214901139,0.0000741,0.00979985,0.153325205,0.160575259,0.002596641,1
0.001960868,0.027036318,0.180890881,0.000765,0.018229277,0.000174,0.017008963,0.001016896,0.000804,0.103202847,0.065419503,0.106284771,0.096732872,0.180631819,0.000705,0.018969072,0.00212925,0.069594178,0.009969775,0.018479603,0.106501714,0.013154707,0.01980198,0.002919983,0.215404621,0.043642831,0.077858881,0.283479637,0.158869385,0.015800062,0.159512563,0.020793183,0.048099887,0.038261395,0.235581216,0.003771369,0.130455533,0.096470209,0.157292825,0.002375927,1
0.000504,0.092454127,0.177608592,0.003968949,0.004999447,0.000263,0.033382737,0.994966733,0.000578,0.332740214,0.111448599,0.038393348,0.138135256,0.48819796,0.021113412,0.030927835,0.002893029,0.088672376,0.000277,0.017652271,0.081362797,0.002358153,0.008955583,0.009494213,0.073592078,0.061200292,0.080291971,0.151654434,0.29160904,0.039062822,0.144405168,0.004456045,0.118175724,0.025853613,0.302537686,0.001173815,0.010774822,0.177639965,0.353504959,0.121271631,1
0.000125,0.067676565,0.139414082,0.000948,0.014156598,0.00093,0.053779378,0.001351141,0.002976237,0.138790036,0.101241493,0.00545638,0.100103295,0.056407331,0.000153,0.026804124,0.000385,0,0.000032,0.004252145,0.11453061,0.157877847,0.022466309,0.007670708,0.011873562,0.029551259,0.060827251,0.10526112,0.17828499,0.055375946,0.202799982,0.000151,0.071982235,0.035472668,0.235993074,0.00007,0.011129774,0.104821709,0.229689122,0.002738317,1
0.000489,0.134925943,0.13297226,0.000111,0.004021664,0.000199,0.091608441,0.006324762,0.002111443,0.074733096,0.108907957,0.020740356,0.021353452,0.047778649,0.101994765,0.039587629,0.031836347,0.083848279,0.069628593,0.004850399,0.066719504,0.003019513,0.024047717,0.005111826,0.05076523,0.023805181,0.148418491,0.376129477,0.051113498,0.009062333,0.074829282,0.000039,0.030104328,0.033478604,0.155764457,0.000152,0.032316503,0.455272905,0.208606548,0.006845162,1
0.000401,0.149640895,0.124170056,0.001510259,0.005603122,0.00136328,0.042981156,0.001189363,0.019848667,0.072953737,0.065202988,0.275738216,0.009808699,0.062326178,0.031278665,0.024329897,0.014762899,0.055118341,0.04150225,0.007739434,0.063827185,0.007318118,0.019320682,0.003068061,0.04203261,0.037030281,0.126520681,0.29583076,0.123735469,0.030229363,0.08533727,0.063531089,0.263858047,0.025907884,0.408081534,0.000107,0.038297305,0.328766805,0.287943364,0.006460627,1
0.000504,0.057640321,0.227104097,0.000278,0.002533734,0.000263,0.008398617,0.002686903,0.000182,0.128113879,0.080899042,0.038393348,0.115884017,0.321757113,0.006088213,0.039587629,0.002893029,0.028899345,0.006574297,0.009626962,0.034080812,0.00180133,0.010399477,0.003285167,0.060158047,0.026541408,0.055961071,0.127533254,0.200690553,0.02255963,0.060002339,0.004994328,0.102484602,0.012665251,0.13957273,0.001797794,0.010774822,0.270238687,0.231479089,0.002950823,1
0.000504,0.084877884,0.147537418,0.003217992,0.007694728,0.000263,0.009668996,0.997573177,0.000182,0.202846975,0.075635269,0.18073302,0.051886904,0.305070242,0.019121772,0.05443299,0.002893029,0.414742808,0.030434983,0.004469864,0.05603241,0.000459,0.014593647,0.004597081,0.369840952,0.150492521,0.270072993,0.439361503,0.51449928,0.011557502,0.11254347,0.009170486,0.018414547,0.024793376,0.229115748,0.006312273,0.062244086,0.269826101,0.334819039,0.009644707,1
0.000125,0.034312194,0.131908646,0.0000445,0.003571034,0.000127,0.05017997,0.000366,0.002976237,0.069395018,0.027304316,0.00545638,0.085562611,0.026813093,0.000153,0.023092784,0.000385,0,0.000032,0.00382428,0.094777046,0.003963549,0.037300605,0.00409885,0.006682005,0.021479387,0.070559611,0.103119162,0.020361065,0.013867196,0.133768292,0.000151,0.134390581,0.021665541,0.155046963,0.00007,0.011129774,0.072528723,0.409472443,0.003049947,1
0.000423,0.037648264,0.042975415,0.0000807,0.006249309,0.000154,0.036135225,0.00822228,0.001942871,0.035587189,0.112423532,0.192715657,0.040870407,0.045140127,0.006439817,0.020618557,0.00088,0.01382748,0.003271166,0.000225,0.058764452,0.006335287,0.038366337,0.001745198,0.207292188,0.029232032,0.03163017,0.15403628,0.034223183,0.01185089,0.0000585,0.00018,0.064000503,0.016214166,0.108855245,0.000393,0.00979985,0.059892164,0.119654458,0,1
0.000373,0.073020085,0.227039011,0.001209876,0.02600903,0.001065138,0.10537088,0.004805608,0.000117,0.108540925,0.168392492,0.039554931,0.083063935,0.028738501,0.010714537,0.02185567,0.001998052,0.000247,0.000185,0.000134,0.092436209,0.002370669,0.073552668,0.009743607,0.007022107,0.040450565,0.092457421,0.089652311,0.194448538,0.009637703,0.316677686,0.015453836,0.064754682,0.02963987,0.241705472,0.000102,0.006965648,0.116586186,0.313153918,0.002707398,1
0.000373,0.045330637,0.148986601,0.0000807,0.010364501,0.000177,0.089561719,0.00029,0.000117,0.110320285,0.093750715,0.039554931,0.187251915,0.025957356,0.000377,0.047010309,0.001998052,0.000913,0.000476,0.000134,0.105987249,0.035563999,0.03235011,0.010299732,0.005911774,0.039584093,0.097323601,0.155993905,0.222821615,0.040049563,0.148594042,0.018328503,0.060732392,0.029664714,0.364262759,0.000102,0.049051997,0.08416093,0.602275493,0.002939508,1
0.000423,0.037227417,0.02086198,0.004130266,0.003469004,0.001311185,0.036488108,0.003995915,0.000822,0.044483986,0.094087859,0.192715657,0.121671273,0.049347501,0.006439817,0.002061856,0.00088,0.046000541,0.002901783,0.000558,0.096411574,0.019481888,0.020541117,0.002338065,0.033830149,0.029232032,0.01216545,0.177486941,0.068679319,0.084155651,0.051779734,0.017253251,0.102694096,0.014527458,0.171542323,0.0000741,0.00979985,0.056645739,0.170387838,0.00362525,1
0.000401,0.141328421,0.173543628,0.0000584,0.010968175,0.000167,0.00896323,0.008759898,0.000603,0.06405694,0.10231293,0.053723177,0.03539688,0.027027027,0.105509239,0.027628866,0.012248396,0.033381968,0.035233404,0.004204815,0.02082853,0.095519632,0.013562294,0.001270349,0.022446734,0.011720175,0.065693431,0.322469436,0.060940569,0.009013602,0.101363592,0.017289837,0.062156953,0.027512222,0.318903276,0.000107,0.010454014,0.196402378,0.143872974,0.003785254,1
0.004226902,0.025793802,0.097737906,0.0000807,0.020490932,0.000224,0.057237631,0.002110926,0.0000699,0.040925267,0.130947263,0.075411139,0.088828871,0.035513086,0.006439817,0.01814433,0.00088,0.010113839,0.000401,0.000114,0.060914197,0.02093235,0.027623075,0.002681352,0.009842953,0.029232032,0.04622871,0.101314622,0.044824355,0.016733597,0.0000585,0.187296965,0.15203,0.030765272,0.200250622,0.0000741,0.00979985,0.065783839,0.29514512,0.003014362,1
0.008802377,0.121973808,0.400506843,0.004814472,0.010296481,0.003281169,0.113416614,0.009376549,0.005027174,0.291814947,0.055133215,0.350644984,0.190254047,0.107751551,0.003096457,0.212783505,0.558648611,0.162753611,0.035723546,0.02088587,0.078841201,0.006355197,0.0532522,0.007994512,0.139911974,0.094491062,0.204379562,0.567978911,0.491197866,0.117254213,0.266491156,0.053174774,0.139523191,0.032633058,0.579606821,1,0.085018798,0.585254105,0.264019373,0.181766099,1
0.000423,0.045669383,0.016294457,0.050736912,0.276610579,0.016872294,0.042204813,0.005573914,0.006242464,0.144128114,0.114179772,0.208763832,0.08748591,0.092205662,0.013690667,0.025154639,0.036665435,0.082809666,0.028527691,0.097138606,0.097385639,0.005982326,0.025663504,0.002338065,0.196328899,0.034339657,0.128953771,0.573246364,0.105922431,0.025534124,0.025500815,0.00018,0.044496585,0.028368197,0.306161234,0.004125429,0.014009269,0.255964291,0.190015092,0.117061425,1
0.007470894,0.058793728,0.268033024,0.00346553,0.010270973,0.000263,0.012774367,0.574443841,0.000182,0.158362989,0.062755139,0.126215076,0.051886904,0.598088854,0.022735477,0.020206186,0.002893029,0.114792033,0.010907438,0.020745772,0.064191707,0.163782761,0.021606848,0.004243773,0.047684305,0.052489967,0.126520681,0.233169936,0.234055712,0.027886146,0.166446283,0.022550598,0.048560774,0.021871863,0.236553741,0.002432604,0.043632862,0.150645727,0.19292474,0.010758143,1
0.000504,0.059947803,0.174428462,0.006191227,0.013246835,0.000263,0.017432423,0.997573177,0.488643963,0.172597865,0.128153609,0.170599743,0.164047087,0.532339728,0.006088213,1,0.002893029,0.117748223,0.013329734,0.007529288,0.021311053,0.002870057,0.027244912,0.008317573,0.051885566,0.030098504,0.124087591,0.5625512,0.316315,0.025787618,0.012317199,0.016191944,0.103490175,0.039504969,0.20559275,0.007680196,0.010774822,0.314744899,0.213982182,0.074907674,1
0.000423,0.040316186,0.12460753,0.0000807,0.00176001,0.000154,0.026183923,0.007680386,0.0000698,0.224199288,0.111984936,0.00126857,0.246209514,0.05890323,0.011459155,0.063917526,0.00088,0.009470804,0.007991447,0.000668,0.065994968,0.003896516,0.015212459,0.002546078,0.055516655,0.029232032,0.053527981,0.337138633,0.066153616,0.017566905,0.190705951,0.007862924,0.022059748,0.021855588,0.20077772,0.0000741,0.00979985,0.203963498,0.224945636,0.003021342,1
0.000168,0.108576797,0.188095605,0.000089,0.001079813,0.000174,0.027171995,0.001137287,0.000136,0.15480427,0.021472038,0.128003301,0.093451732,0.165442487,0.014954878,0.047010309,0.00212925,0.133407245,0.011209337,0.00322224,0.079978174,0.006143718,0.024030528,0.005271594,0.047674302,0.03762313,0.175182482,0.214022948,0.239709657,0.016838003,0.111654379,0.023954627,0.150521641,0.022687782,0.204726946,0.003364824,0.103929298,0.306373312,0.351844287,0.00269458,1
0.000504,0.068619382,0.109234981,0.000656,0.092328229,0.000263,0.006775355,0.001045072,0.007394826,0.128113879,0.055625631,0.137999022,0.052935976,0.051986023,0.006088213,0.051546392,0.002893029,0.007868093,0.008243622,0.002463064,0.061516411,0.016035365,0.006978823,0.002289819,0.018595579,0.053949289,0.075425791,0.079929562,0.042454093,0.011470376,0.079332024,0.009035628,0.039657267,0.020159049,0.174273011,0.000126,0.011232144,0.191019572,0.203804973,0.390329887,1
0.000515,0.070936876,0.174936789,0.022790169,0.011945958,0.000589,0.065001059,0.000706,0.001905236,0.183274021,0.072290431,0.056122761,0.094019669,0.102117949,0.074411845,0.033402062,0.002893029,0.040455358,0.005515875,0.010196818,0.033386152,0.004227274,0.015762514,0.004941296,0.085535661,0.053949289,0.094890511,0.241590905,0.134399273,0.021940351,0.06169937,0.011194171,0.263082918,0.022929442,0.269248845,0.00175614,0.047295647,0.154843543,0.246108345,0.003117801,1
0.000401,0.190889886,0.218006125,0.0000584,0.003809103,0.000167,0.001129226,0.005018422,0.001954581,0.174377224,0.088147942,0.163278719,0.071951956,0.128717108,0.081737704,0.042474227,0.004599841,0.112403489,0.079321331,0.006380111,0.023400858,0.00230437,0.012874725,0.003957639,0.036320896,0.182323969,0.124087591,0.260661212,0.178200242,0.007472457,0.124121948,0.011729008,0.115892236,0.019995573,0.296319233,0.001332933,0.014392887,0.264528355,0.200225038,0.014744846,1
0.000504,0.074561298,0.229345017,0.026945467,0.284772942,0.000403,0.035288305,0.005481579,0.004572187,0.128113879,0.002860464,0.149278596,0.083954282,0.050203238,0.009666758,0.184742268,0.00889246,0.074165495,0.095790816,0.014944983,0.045212285,0.006818953,0.019389439,0.004770209,0.159297789,0.026541408,0.175182482,0.243853887,0.153977347,0.034162308,0.079242518,0.054177676,0.133028868,0.016602961,0.295973513,0.002689193,0.03416777,0.36259753,0.262251561,0.005948348,1
0.00678655,0.035985235,0.061470423,0.001857924,0.002185133,0.00044,0.042416543,0.01399449,0.007628232,0.167259786,0.074571255,0.641147521,0.130987678,0.074805676,0.047152401,0.020206186,0.095078583,0.055118341,0.025213904,0.006187004,0.034618013,0.01082339,0.01277159,0.004028708,0.065159548,0.027544692,0.055961071,0.117276079,0.100543401,0.160477652,0.081197326,0.052291801,0.174529685,0.019995573,0.211225984,0.002000233,0.010454014,0.114132973,0.215591268,0.002272458,1
0.003835989,0.064703939,0.126759473,0.000089,0.003273448,0.000334,0.039028866,0.001807499,0.000136,0.183274021,0.050865408,0.082457052,0.037532225,0.061826999,0.041715045,0.045773196,0.00212925,0.031173473,0.026407294,0.006442587,0.085683331,0.011748786,0.02464934,0.002190915,0.028538562,0.052216344,0.124087591,0.296414707,0.171483844,0.02038841,0.013639499,0.018171497,0.082708342,0.029299433,0.403166295,0.000267,0.000918,0.22044275,0.204174452,0.003286666,1
0.001515129,0.009868706,0.260750857,0.000106,0.006257812,0.000199,0.032465241,0.000117,0.0000945,0.067615658,0.152783045,0.062236351,0.123062596,0.019468017,0.006479666,0.025979381,0.00232976,0.000695,0.004468107,0.000151,0.081975909,0.002194177,0.023308581,0.015526978,0.016594978,0.026587012,1,0.069975771,0.040464991,0.042835602,0.237936401,0.011359052,0.030669963,0.01761464,0.223435917,0.000107,0.008233462,0.080713937,0.287856946,0.002711812,1
0.002564266,0.066882931,0.036556661,0.000428,0.005705152,0.000263,0.033876773,0.001576811,0.000182,0.128113879,0.167891416,0.018340772,0.090718689,0.034871283,0.030434035,0.035876289,0.002893029,0.027717047,0.014526675,0.004142339,0.107021253,0.00180133,0.019234736,0.00129577,0.015054516,0.026541408,0.092457421,0.286193562,0.04028888,0.009514321,0.07168703,0.006475137,0.055599782,0.019598142,0.185228832,0.000126,0.010774822,0.099317662,0.090443454,0.00333076,1
0.001819928,0.174432141,0.197893864,0.000103,0.009565269,0.000186,0.035076576,0.007698378,0.001688256,0.129893238,0.060199032,0.037659718,0.063962392,0.092562219,0.000374,0.077938144,0.014638966,0.051839303,0.065771388,0.008898077,0.016369515,0.089593872,0.053510039,0.002493565,0.025087526,0.01418278,0.158150852,0.336406291,0.240828953,0.025558876,0.132879201,0.073341903,0.138727113,0.02710589,0.256631063,0.001652837,0.116158391,0.471103016,0.201205613,0.002723934,1
0.004643453,0.043148975,0.187279152,0.0000807,0.005220511,0.000177,0.064718752,0.006080417,0.000117,0.065836299,0.122392471,0.006679098,0.068446369,0.023033588,0.014558737,0.063505155,0.001998052,0.002210268,0.000185,0.000454,0.123813352,0.052431515,0.021280253,0.011067026,0.010473142,0.028684787,0.163017032,0.070835219,0.077264312,0.01405124,0.150186053,0.015815754,0.166568903,0.026466732,0.205559681,0.000102,0,0.117211423,0.663842371,0.006759621,1
0.000515,0.283752511,0.186423153,0.000579,0.002227645,0.000263,0.004446326,0.000193,0.000732,0.160142349,0.057049676,0.018340772,0.049762719,0.498823362,0.014955659,0.04742268,0.002893029,0.375226725,0.02484097,0.009057107,0.021382454,0.085935025,0.022517877,0.003721049,0.224297289,0.031831448,0.119221411,0.313547934,0.342903403,0.027997958,0.128190287,0.005734568,0.02528596,0.019614616,0.270580118,0.007313639,0.010774822,0.360217259,0.375270386,0.002227774,1
0.000504,0.102823445,0.274519335,0.000128,0.003409487,0.006736255,0.032465241,0.00747731,0.000182,0.222419929,0.06513556,0.149278596,0.090718689,0.470869286,0.006088213,0.088247423,0.002893029,0.309654845,0.031656787,0.031432931,0.037513902,0.00334791,0.028981023,0.008337614,0.203941182,0.041727472,0.138686131,0.213573073,0.203740868,0.003255209,0.16746307,0.023769239,0.020195249,0.024503889,0.393078783,0.006902096,0.010774822,0.36259753,0.501761639,0.003332917,1
0.000423,0.085361141,0.083302095,0.0000807,0.003366975,0.000154,0.053991107,0.004585163,0.000184,0.113879004,0.108041281,0.075411139,0.111939456,0.043428653,0.041997109,0.017731959,0.00088,0.001733091,0.005831981,0.000114,0.067843136,0.003896516,0.027657453,0.00667332,0.010173052,0.179222911,0.051094891,0.089821066,0.121057839,0.050921052,0.137126552,0.032761555,0.126304102,0.023749148,0.256791898,0.0000741,0.015061958,0.100398349,0.209654802,0.00149904,1
0.000168,0.053791292,0.185532552,0.000089,0.004285241,0.001002624,0.028160068,0.000365,0.000136,0.101423488,0.161760967,0.005914899,0.051870783,0.063823718,0.078361527,0.027628866,0.00212925,0.008755926,0.011518339,0.000589,0.127813143,0.00899665,0.023669554,0.002275902,0.016124837,0.068132069,0.068126521,0.15698176,0.030669753,0.026710011,0.402692814,0.015318322,0.120857251,0.037685741,0.339960638,0.000102,0.000918,0.175075484,0.247700566,0.015447444,1
0.001199811,0.00251874,0.19303634,0.000323,0.218887368,0.000199,0.069165079,0.001845205,0.0000945,0.138790036,0.169217721,0.11085468,0.10059311,0.061826999,0.006479666,0.028453608,0.00232976,0.004208556,0.004468107,0.000151,0.112783344,0.031758479,0.038606986,0.004678356,0.009282785,0.020293688,1,0.158467896,0.090202054,0.014877685,0.203165166,0.016831124,0.024154691,0.055836644,0.387864422,0.000107,0.008233462,0.081267411,0.20121873,0.002251269,1
0.004311216,0.038349787,0.11852821,0.0000807,0.007439654,0.005166198,0.08829134,0.001543856,0.0000699,0.033807829,0.410454921,0.175964419,0.133461553,0.037010625,0.021848654,0.013608247,0.008248793,0.023915598,0.000401,0.000114,0.050341346,0.018248316,0.026540154,0.009080413,0.009952986,0.029232032,0.02676399,0.176270457,0.113066704,0.041617979,0.099643886,0.04597449,0.130493988,0.024158071,0.226580968,0.0000741,0.00979985,0.07141305,0.249013253,0.053297154,1
0.000489,0.230998151,0.094497634,0.0000918,0.012685673,0.000462,0.173124427,0.001808093,0.000296,0.099644128,0.070803905,0.080485419,0.095611878,0.10568352,0.032538969,0.108453608,0.003067924,0.017752214,0.044095031,0.002654278,0.106618399,0.045920627,0.047717272,0.003342134,0.020406122,0.033108355,0.102189781,0.242167562,0.066808864,0.059646681,0.18550387,0.000039,0.137763439,0.024811179,0.156081117,0.000152,0.032537105,0.293239899,0.175420999,0.003777209,1
0.00213918,0.093154982,0.127777773,0.0000807,0.018450341,0.001418581,0.066412591,0.015085758,0.00072,0.048042705,0.062645645,0.120009782,0.020929359,0.082222064,0.034914248,0.026391753,0.00088,0.037785652,0.013752393,0.003943552,0.075844974,0.052040672,0.024099285,0.001745198,0.275262579,0.030417731,0.068126521,0.162852429,0.042152307,0.020024074,0.068974406,0.032903632,0.041584615,0.019018303,0.201568868,0.0000741,0.00979985,0.101844115,0.133305453,0,1
0.00177077,0.060232484,0.075131798,0.0000918,0.011860934,0.000199,0.111440469,0.001498728,0.000553,0.197508897,0.085940733,0.103227976,0.053319147,0.036083577,0.033111693,0.054020619,0.003067924,0.02704829,0.059051468,0.00544108,0.05141199,0.146630765,0.043299642,0.004159158,0.030159048,0.21803174,0.131386861,0.097671902,0.030395458,0.003985987,0.013115591,0.000039,0.028679767,0.022647328,0.101314037,0.000152,0.032537105,0.260041939,0.115292466,0.002632784,1
0.000193,0.03793962,0.162007832,0.001941364,0.024172498,0.000199,0.010798221,0.00115905,0.0000945,0.097864769,0.157469652,0.010561228,0.098905419,0.037509805,0.006480447,0.026391753,0.00232976,0.000695,0.004468107,0.000151,0.160439622,0.002682675,0.027743399,0.002482988,0.02256677,0.020293688,1,0.266342486,0.055426561,0.15419833,0.208066506,0.009675464,0.059244983,0.027552278,0.294516478,0.000107,0.008233462,0.071901568,0.224109238,0.002534865,1
0.000504,0.074126101,0.121272513,0.000128,0.008612993,0.000263,0.015173971,0.002395946,0.000263,0.128113879,0.098908087,0.018340772,0.109835112,0.170077729,0.019121772,0.031340206,0.002893029,0.095800757,0.017684185,0.034149685,0.034622898,0.004227274,0.036441144,0.002412846,0.171181354,0.026541408,0.099756691,0.339347128,0.10162177,0.027494754,0.082532753,0.050573924,0.099384087,0.018941182,0.149746422,0.001839448,0.070136992,0.174010328,0.346769792,0.003083938,1
0.650092507,0.082480626,0.067150991,0.0000807,0.00601124,0.000154,0.060060696,0.057835217,0.0000698,0.297153025,0.153924385,0.344332702,0.060340242,0.080795835,0.006439817,0.025979381,0.010238074,0.018471527,0.004922732,0.000994,0.029998345,0.003896516,0.049281491,0.019138546,0.017145144,0.756384531,0.065693431,0.114342694,0.139364484,0.007716752,0.102103507,0.036866675,0.05786232,0.028664128,0.22712911,0.0000741,0.00979985,0.1428013,0.121293415,0.007379295,1
0.000448,0.142621999,0.104435127,0.001571448,0.017506568,0.020963737,0.063801256,0.089537407,0.000656,0.056939502,0.125260359,0.149813535,0.102672654,0.02517293,0.006269485,0.018969072,0.007128928,0.000247,0.00076,0.023072525,0.118285007,0.003600923,0.089710534,0.005126486,0.013313994,0.046333455,0.094890511,0.098552315,0.117919469,0.017133382,0.078796182,0.032478387,0.061256128,0.026320593,0.210442351,0.000102,0,0.111868825,0.526479371,0.090033223,1
0.00240314,0.06054887,0.143429613,0.000103,0.003077891,0.000243,0.039099442,0.00241373,0.000558,0.167259786,0.115254302,0.120666993,0.293194548,0.192326892,0.023935617,0.056907216,0.002036744,0.111175957,0.035585027,1,0.024696793,0.007029228,0.017945545,0.00496078,0.124117235,0.03196826,0.119221411,0.293028035,0.242851955,0.046386042,0.192861252,0.019711368,0.011585034,0.021140903,0.243007184,0.004362025,0.078499006,0.421554591,0.251109319,0.002197812,1
0.001720679,0.072960345,0.177665439,0.0000862,0.036679619,0.000179,0.118992166,0.000922,0.000103,0.088967972,0.146490519,0.008620163,0.102911981,0.044070456,0.000353,0.029690722,0.002267767,0.000277,0.00032,0.000117,0.069762517,0.006790803,0.075856023,0.013156996,0.017735321,0.028639183,0.075425791,0.123353716,0.184164241,0.03861921,0.24729394,0.012017919,0.192839485,0.037840847,0.375827849,0.000102,0.011107287,0.113462022,0.444851058,0.003041569,1
0.000504,0.1293715,0.525189345,0.000128,0.011359289,0.000263,0.016303197,0.000706,0.000182,0.185053381,0.050883966,0.038393348,0.258471009,0.073165514,0.039285854,0.085360825,0.002893029,0.057091794,0.006783851,0.001137818,0.027700348,0.226241326,0.009849422,0.014955451,0.065879764,0.092986136,0.136253041,0.374139698,0.129778429,0.259809528,0.052790554,0.031222833,0.07983827,0.019302145,0.369123384,0.000126,0.058435294,0.36259753,0.177011677,0.002853212,1
0.000423,0.040878538,0.223009474,0.001081935,0.004480797,0.000154,0.040722704,0.00078,0.0000698,0.213523132,0.053268717,0.098703919,0.158191628,0.031234401,0.007664179,0.028865979,0.00088,0.028054086,0.007096405,0.000886,0.034247478,0.003896516,0.014387376,0.003856508,0.013604081,0.046014228,0.03649635,0.394171277,0.082205338,0.017670834,0.059270778,0.016134687,0.065152721,0.014907818,0.293640653,0.0000741,0.00979985,0.420204897,0.275889439,0.002794787,1
0.000423,0.04045669,0.203099885,0.000679,0.007108058,0.000154,0.049615357,0.00019,0.001019715,0.213523132,0.104324658,0.31987834,0.160369134,0.06289667,0.006439817,0.057731959,0.01218651,0.012615026,0.00781386,0.005202535,0.079054466,0.007271974,0.031060919,0.014236774,0.295308593,0.206311565,0.053527981,0.101640154,0.056141754,0.028703359,0.0000585,0.03968146,0.019734361,0.012261311,0.289013014,0.0000741,0.00979985,0.152544973,0.136033999,0.002950053,1
0.000504,0.096832135,0.155892261,0.015344564,0.014522204,0.769518308,0.036205801,0.070075025,0.013503517,0.128113879,0.14419856,0.126215076,0.097271049,0.478784853,0.008445521,0.144329897,0.00591236,0.139599899,0.006993404,0.007135501,0.059473392,0.004434365,0.04819857,0.007911381,0.122856857,0.026541408,0.087591241,0.535475881,0.371394093,0.050582735,0.080307041,0.022821298,0.261511711,0.04972957,0.280301368,0.003597254,0.046032292,0.257291735,0.11888155,0.01190368,1
0.000401,0.252165976,0.295223132,0.000431,0.005875201,0.000167,0.044392688,0.015677263,0.001343222,0.044483986,0.159656447,0.163278719,0.008143329,0.066319618,0.018500606,0.039175258,0.356410947,0.233135397,0.080063647,0.015122945,0.022133484,0.005623708,0.027227723,0.007032565,0.080484145,0.00793506,0.097323601,0.579023682,0.13390794,0.042690694,0.102862517,0.027651565,0.10659069,0.026900963,0.363862425,0.000611,0.256824976,0.307937082,0.206982802,0.294796375,1
0.012097561,0.059851352,0.26129049,0.0000807,0.00542457,0.000154,0.104735691,0.005507706,0.000822,0.051601423,0.116816917,0.00126857,0.076465694,0.036939314,0.006439817,0.017731959,0.00088,0.000137,0.000401,0.000114,0.067027093,0.380641605,0.045723322,0.019661641,0.00520156,0.029232032,0.03649635,0.312151551,0.024342369,0.02988025,0.182658777,0.035383897,0.08388151,0.016959341,0.156157276,0.0000741,0.00979985,0.067651179,0.208563119,0.005937108,1
0.000248,0.050465902,0.101208861,0.000106,0.002746295,0.000199,0.057025902,0.000117,0.0000945,0.055160142,0.122035532,0.030430397,0.10059311,0.052271269,0.025994452,0.009896907,0.00232976,0.000695,0.004468107,0.000151,0.067543626,0.059559378,0.022105336,0.007212002,0.011323397,0.020293688,1,0.179884064,0.015308832,0.046584651,0.170259233,0.013241481,0.116730213,0.032170463,0.314089749,0.000107,0.008233462,0.05203342,0.216242486,0.002664109,1
0.000423,0.070849436,0.107174488,0.000576,0.015389455,0.041671008,0.019337991,0.001981331,0.000617,0.101423488,0.024109183,0.192715657,0.18314987,0.056050774,0.017193421,0.012783505,0.00088,0.016186755,0.000835,0.004397922,0.034195618,0.005398355,0.025199395,0.010567682,0.022076623,0.034339657,0.051094891,0.138240909,0.138551314,0.016576971,0.094003824,0.017624848,0.28937445,0.01510557,0.177228166,0.0000741,0.00979985,0.096846244,0.175294128,0.002198526,1
